,Poste,Cote,Nom,Titula,Entres,Buts,Moyenne,Match1,Match2,Match3,Match4,Match5,Match6,Match7,Match8,Match9,Match10,Match11,Match12,Match13,Match14,Match15,Match16,Match17,Match18,Match19,Match20,Match21,Match22,Match23,Match24,Match25,Match26,Match27,Match28,Match29,Match30,Match31,Match32,Match33,Match34,Match35,Match36,Match37,Match38,team,var
0,G,21.0,Lopes Anthony,34.0,,,5.514705882352941,,,5.5,4.5,5.0,4.5,7.0,5.5,4.0,7.0,6.0,5.0,5.0,7.0,5.5,4.5,5.0,5.5,5.5,5.5,8.0,6.0,7.0,5.5,5.5,5.0,5.0,5.5,,6.0,3.5,5.0,4.5,4.5,5.0,8.0,6.0,,OL,1.083110516934046
1,G,6.0,Gorgelin Mathieu,4.0,,,5.75,6.0,5.0,,,,,,,,,,,,,,,,,,,,,,,,,,,5.0,,,,,,,,,7.0,OL,0.9166666666666666
2,D,7.0,Morel Jérémy,12.0,,,5.041666666666667,6.0,5.0,5.5,,,,7.0,5.0,3.0,,,,3.5,,,4.0,4.5,,,,,,,,,,,,,,,,,,,6.0,6.0,5.0,OL,1.3390151515151514
3,D,8.0,Rafael,11.0,7.0,(-1),4.972222222222222,,5.0,5.5,5.0,4.5,,6.5,5.0,5.5,,5.0,5.0,5.0,4.5,,,,,,,,,,,,,5.5,,4.5,5.5,2.5,5.0,,,,5.0,5.0,,OL,0.6021241830065359
4,D,3.0,Yanga-Mbiwa Mapou,,,,,,,,,,,,,,,,,,,,,,,,,,,,,,,,,,,,,,,,,,,OL,
5,D,9.0,Marçal,12.0,,,5.291666666666667,,,,,,,,5.0,,6.0,5.0,,,6.0,5.0,,,6.0,5.5,5.0,,,,,5.0,5.0,,,5.0,,,5.0,,,,,,,OL,0.20265151515151517
6,D,16.0,Marcelo,33.0,,(-1),5.575757575757576,6.0,4.5,5.5,5.0,5.0,5.5,,5.5,,8.0,6.0,5.5,6.0,6.0,4.5,4.0,,6.0,6.0,5.5,5.5,7.0,6.0,5.0,6.0,4.5,6.5,5.0,,6.0,4.0,,6.0,5.5,5.0,5.5,6.0,6.0,OL,0.6581439393939393
7,D,14.0,Mendy Ferland,27.0,3.0,2,5.216666666666667,6.0,5.0,7.0,5.5,4.5,5.0,,,3.5,5.5,,4.5,5.0,6.0,5.0,3.0,5.0,7.5,4.5,5.0,5.0,5.0,6.0,6.0,5.0,3.5,6.0,4.5,,,,,,5.0,5.0,7.0,6.5,4.5,OL,1.0462643678160921
8,D,16.0,Dubois Léo,21.0,4.0,1,5.34,5.0,4.0,,,,5.5,6.0,4.5,4.5,,,,,,,,,,,4.5,7.0,5.0,6.5,5.5,5.0,4.0,6.5,5.5,7.0,7.0,4.0,4.0,5.0,4.5,4.5,6.5,6.0,6.0,OL,1.0358333333333334
9,D,17.0,Denayer Jason,31.0,,2,5.290322580645161,,,,5.0,5.5,5.0,6.0,,3.5,6.0,5.5,5.5,5.5,7.0,5.0,4.0,5.0,6.0,6.0,5.0,5.5,7.0,7.0,5.5,5.5,4.0,6.0,4.5,6.0,5.5,3.0,4.0,6.0,4.5,4.5,,,,OL,0.9462365591397848
10,D,1.0,Solet Oumar,1.0,,,4.5,,,,,,,,,,,,,,,,,4.5,,,,,,,,,,,,,,,,,,,,,,OL,
11,D,9.0,Tete Kenny,12.0,1.0,,4.961538461538462,,,,,,,,,,,,,5.5,,5.0,4.0,4.5,8.0,5.5,,4.0,,,5.0,,,,4.0,5.0,,,4.5,5.0,4.5,,,,,OL,1.1025641025641026
12,M,,Ferri Jordan,1.0,3.0,,4.875,,,,,,,5.0,,,5.0,4.5,5.0,,,,,,,,,,,,,,,,,,,,,,,,,,,OL,0.0625
13,M,11.0,Tousart Lucas,20.0,10.0,(-1),5.15,7.0,5.5,5.5,4.0,5.5,5.5,5.5,,4.0,,5.5,4.5,6.0,5.0,,5.5,4.0,6.5,5.5,,,5.0,5.0,,5.5,4.0,6.0,5.5,4.5,6.0,4.0,5.0,4.0,,,5.0,5.0,5.0,OL,0.6060344827586208
14,M,18.0,NDombele Tanguy,31.0,3.0,1,5.3088235294117645,6.0,5.0,4.5,5.5,4.0,6.0,6.0,5.0,3.5,5.0,5.0,4.0,3.5,5.5,5.5,5.0,5.5,,,4.5,6.0,5.5,5.0,3.5,,4.5,6.0,,7.0,6.0,4.5,6.0,6.0,5.5,5.0,7.5,6.5,7.0,OL,0.9850713012477719
15,M,7.0,Pape Cheikh,5.0,7.0,,4.708333333333333,5.0,,5.0,5.0,,4.0,5.0,4.0,5.0,5.0,,,,,,4.0,,5.0,5.0,,,,,,,,,4.5,,,,,,,,,,,OL,0.20265151515151517
16,M,25.0,Terrier Martin,16.0,16.0,9,5.453125,5.0,5.0,7.0,4.0,5.0,5.0,6.5,,,5.0,5.0,5.0,5.0,,5.0,,,4.5,5.0,5.0,5.0,5.5,,5.0,7.0,4.0,5.0,5.0,6.0,6.0,5.5,6.0,7.5,5.5,5.5,6.5,7.0,5.5,OL,0.7316028225806451
17,M,22.0,Aouar Houssem,35.0,2.0,7,5.445945945945946,5.0,4.0,4.5,5.0,5.0,6.0,7.0,6.5,3.5,5.5,7.0,7.0,6.5,5.0,6.0,4.0,4.5,7.0,4.5,3.5,5.0,6.5,5.5,5.5,5.5,4.5,,5.5,5.0,5.5,4.0,5.0,8.0,4.5,5.0,7.0,7.0,5.5,OL,1.2469969969969972
18,A,17.0,Depay Memphis,29.0,7.0,10,5.486111111111111,7.5,5.0,6.5,5.5,5.0,4.0,4.0,5.5,4.0,7.0,7.0,4.5,8.5,6.0,4.5,3.5,5.0,5.5,4.5,5.5,6.0,6.5,5.0,5.0,4.5,3.0,7.0,,,5.5,5.0,4.0,6.5,6.5,6.0,5.0,8.0,5.5,OL,1.5926587301587305
19,A,,Mariano,2.0,1.0,,4.333333333333333,5.0,3.5,4.5,,,,,,,,,,,,,,,,,,,,,,,,,,,,,,,,,,,,OL,0.5833333333333334
20,A,15.0,Traoré Bertrand,24.0,10.0,7,5.1911764705882355,6.5,4.0,7.5,4.0,4.5,8.0,5.0,6.0,3.5,5.5,4.0,4.0,,5.0,6.5,3.5,6.0,5.0,5.0,6.0,4.0,,5.5,4.5,5.0,5.0,7.0,6.0,5.5,5.0,4.5,,5.5,4.5,4.5,,5.0,5.5,OL,1.1668894830659537
21,A,26.0,Fekir Nabil,24.0,5.0,9,5.517241379310345,,,4.5,5.0,6.0,7.5,,3.5,5.0,,,6.0,,3.5,4.5,5.0,7.5,7.0,6.5,3.5,7.5,5.5,7.0,4.5,6.0,,8.0,5.0,5.0,5.0,4.5,4.5,4.0,7.0,6.0,5.5,,,OL,1.705049261083744
22,A,2.0,Gouiri Amine,,,,,,,,,,,,,,,,,,,,,,,,,,,,,,,,,,,,,,,,,,,OL,
23,A,22.0,Dembele Moussa,21.0,12.0,15,5.348484848484849,,,,,5.0,4.5,7.5,5.0,,6.0,6.0,4.0,5.5,4.5,6.5,4.0,6.5,4.5,4.5,6.0,6.5,4.0,7.0,5.0,4.0,4.5,7.5,7.0,6.5,4.0,3.5,4.5,4.5,6.0,4.5,6.0,7.0,4.5,OL,1.3825757575757576
24,A,4.0,Pintor Lenny,,1.0,,4.5,,,,,,,,,,4.5,,,,,,,,,,,,,,,,,,,,,,,,,,,,,OL,
25,A,1.0,Fekir Yassin,,1.0,,4.5,,,,,,,,,,,,,,,,,,,,,,,,,,,4.5,,,,,,,,,,,,OL,
26,A,12.0,Cornet Maxwel,12.0,15.0,7,5.092592592592593,4.0,5.0,,4.5,4.0,,,4.5,4.0,,,,6.0,4.5,4.0,,4.5,,,5.0,5.0,5.0,5.0,4.5,5.0,4.5,,5.0,5.0,,5.0,4.0,5.0,7.0,4.0,8.0,8.0,7.5,OL,1.4045584045584047
0,G,19.0,Areola Alphonse,21.0,,,5.619047619047619,,,6.5,5.5,6.0,,,5.5,,6.0,6.0,,6.0,,5.0,5.5,,6.0,,6.0,,,7.0,,6.0,6.0,5.0,,5.0,6.0,,2.5,5.5,,5.0,,6.0,,PSG,0.7726190476190478
1,G,13.0,Buffon Gianluigi,17.0,,,5.5588235294117645,6.0,5.0,,,,6.0,5.0,,7.0,,,5.0,,6.0,,,7.0,,5.5,,5.0,5.0,,6.0,,,,5.5,,,4.5,,,5.0,,7.0,,4.0,PSG,0.7775735294117647
2,D,21.0,Thiago Silva,24.0,1.0,,5.94,6.0,6.0,6.0,5.0,6.0,,6.0,6.0,6.0,,,7.0,6.0,6.0,5.5,,,6.5,6.5,6.0,6.0,7.0,4.5,6.0,6.5,7.0,,,6.0,5.0,5.0,5.0,,,,,,,PSG,0.42333333333333334
3,D,28.0,Marquinhos,30.0,,3,5.966666666666667,6.0,5.5,6.5,4.5,,5.5,6.0,6.0,8.0,7.0,7.0,5.0,,5.5,5.5,,6.0,7.5,6.5,7.0,6.0,6.0,6.5,,7.0,7.0,5.5,,4.5,6.0,,,6.0,4.5,6.0,5.0,,4.0,PSG,0.8954022988505748
4,D,14.0,Dani Alves,19.0,4.0,1,5.391304347826087,,,,,,,,,,,,,,5.5,5.0,5.0,7.0,,5.0,6.5,8.0,6.0,4.0,6.0,6.5,6.0,4.0,5.0,3.5,,5.0,2.5,7.0,3.5,5.5,6.0,6.0,5.5,PSG,1.658102766798419
5,D,10.0,Kimpembe Presnel,23.0,1.0,(-1),5.145833333333333,,,6.0,7.0,6.0,5.5,,5.0,3.5,,,,6.0,5.0,,5.5,6.0,5.5,7.0,,,5.5,4.0,6.0,5.0,,,3.5,4.0,6.0,4.5,3.0,5.5,3.0,5.5,,,,PSG,1.2930253623188406
6,D,10.0,Kurzawa Layvin,11.0,8.0,1,4.973684210526316,,,,,,,,,,,,,,,,,8.0,6.0,,5.5,4.5,5.0,,,4.5,5.0,5.0,3.5,5.0,5.5,4.5,5.0,4.5,4.0,5.5,4.5,5.5,3.5,PSG,0.9853801169590644
7,D,8.0,Dagba Colin,9.0,8.0,,4.794117647058823,5.0,4.5,,,,,5.0,,,,,,,,,,5.0,5.0,,,,,,5.0,4.0,5.0,,6.0,4.0,5.0,5.5,3.0,5.5,4.0,,5.0,5.0,,PSG,0.5018382352941176
8,D,16.0,Kehrer Thilo,19.0,8.0,1,5.314814814814815,,,3.5,5.0,5.0,5.0,,6.5,6.0,6.5,5.5,5.0,6.5,,4.0,5.0,6.0,,5.0,,6.0,5.0,5.5,,5.0,,5.5,4.0,6.0,7.0,6.0,3.5,5.0,,,,6.0,4.5,PSG,0.8297720797720797
9,D,14.0,Bernat Juan,21.0,4.0,1,5.2,,,,,6.0,5.0,,5.0,5.5,6.5,5.0,4.5,,,5.0,,,6.0,5.0,5.5,7.0,4.0,4.5,,4.5,7.5,5.0,,5.0,6.0,5.0,5.0,,2.5,5.0,5.0,,5.0,PSG,0.9583333333333334
10,D,1.0,Rimane Kevin,,1.0,,5.0,,,,,,,,,,5.0,,,,,,,,,,,,,,,,,,,,,,,,,,,,,PSG,
11,D,,Mbe Soh Loïc,2.0,,,5.5,,,,,,,,,,,,,,,,,,,,,,,,,,,,,,,,,,,,5.0,6.0,,PSG,0.5
12,D,13.0,Meunier Thomas,19.0,3.0,3 / (-1),5.75,,5.0,6.5,6.0,6.0,7.5,7.0,,7.0,,6.0,5.0,,6.0,,5.0,,7.5,5.5,6.0,6.5,5.5,,5.5,,,5.5,,5.0,,,4.0,,,,,5.0,3.5,PSG,1.0416666666666667
13,M,15.0,Verratti Marco,23.0,3.0,,5.653846153846154,,,,,7.0,5.5,6.0,5.5,7.0,4.0,6.5,7.0,,5.0,4.5,4.5,7.0,8.0,5.0,5.5,5.0,,,5.0,,8.0,,,5.5,5.5,6.5,3.5,5.5,,5.5,5.5,,3.5,PSG,1.4553846153846155
14,M,8.0,Rabiot Adrien,12.0,2.0,2 / (-1),6.214285714285714,7.0,5.5,7.5,5.0,6.0,4.5,6.0,7.0,,7.5,5.0,5.0,7.0,7.0,,7.0,,,,,,,,,,,,,,,,,,,,,,,PSG,1.1043956043956045
15,M,29.0,Di María Ángel,28.0,2.0,12,5.833333333333333,6.0,7.0,6.0,6.5,7.0,6.5,4.0,5.0,7.0,7.0,6.0,5.0,4.0,4.5,4.5,,7.0,7.5,5.0,5.0,6.5,7.0,6.0,,4.5,,5.0,,8.5,,,,,5.5,4.5,6.0,7.0,4.0,PSG,1.4367816091954024
16,M,7.0,Nkunku Christopher,13.0,9.0,3,5.5227272727272725,7.0,5.5,5.0,5.0,5.0,5.0,4.5,6.5,,6.0,,,6.0,5.0,4.5,5.0,8.0,6.0,,,,,,5.5,,7.5,5.0,4.5,,5.0,5.0,,,,,,5.0,,PSG,0.939935064935065
17,M,,Lass Diarra,2.0,1.0,,4.833333333333333,5.0,,,,4.0,,,,,5.5,,,,,,,,,,,,,,,,,,,,,,,,,,,,,PSG,0.5833333333333334
18,M,16.0,Draxler Julian,23.0,8.0,3,5.451612903225806,5.5,,5.0,5.0,7.0,5.0,4.5,,5.0,7.5,6.5,7.0,6.0,4.0,6.0,5.5,6.0,,5.0,8.0,7.0,6.5,6.0,,4.5,,5.0,3.5,,,7.0,3.0,4.5,4.0,4.0,5.0,6.5,4.0,PSG,1.5725806451612903
19,M,,Lo Celso Giovani,,1.0,,5.0,,5.0,,,,,,,,,,,,,,,,,,,,,,,,,,,,,,,,,,,,,PSG,
20,M,,Bernede Antoine,2.0,,,5.5,6.0,5.0,,,,,,,,,,,,,,,,,,,,,,,,,,,,,,,,,,,,,PSG,0.5
21,M,7.0,Choupo-Moting Eric Maxim,8.0,14.0,3,4.681818181818182,,,,,,6.0,,5.0,,,4.0,,4.5,4.5,5.0,5.0,4.0,6.0,4.5,4.5,,4.5,4.5,4.0,,5.0,4.5,5.0,,4.5,5.5,,,3.5,,4.5,,4.5,PSG,0.37012987012987014
22,M,15.0,Paredes Leandro,14.0,2.0,,5.59375,,,,,,,,,,,,,,,,,,,,,,,5.0,5.5,6.0,6.0,5.5,6.0,5.5,5.0,6.0,3.5,6.5,6.0,5.0,5.0,8.0,5.0,PSG,0.9072916666666667
23,M,7.0,N'Soki Stanley,8.0,4.0,,4.958333333333333,5.5,,5.0,4.5,,,5.5,,,,6.0,5.0,5.0,,5.0,4.0,,,,,,,,5.0,,5.0,,4.0,,,,,,,,,,,PSG,0.33901515151515155
24,A,25.0,Cavani Edinson,20.0,1.0,18,5.857142857142857,,,6.0,6.0,7.0,5.5,7.5,,5.0,5.0,,,8.5,6.0,,5.0,,,4.5,7.0,9.0,7.5,4.0,5.5,,,,,,,,,4.0,,3.0,5.0,7.0,5.0,PSG,2.353571428571428
25,A,9.0,Diaby Moussa,10.0,15.0,2,5.02,5.0,4.5,,,6.0,,5.5,5.0,4.5,7.0,,4.5,8.0,5.0,,5.0,5.0,5.0,,5.0,,,4.5,4.0,5.0,4.5,5.0,4.0,,4.5,,4.0,6.0,,4.5,,4.5,,PSG,0.8433333333333333
26,A,23.0,Neymar,16.0,1.0,15,6.411764705882353,6.0,7.5,6.0,7.0,,6.0,7.0,7.5,8.0,,4.0,7.0,7.5,,6.0,,,,,,8.5,,,,,,,,,,,,4.5,3.0,6.5,7.0,,,PSG,2.101102941176471
27,A,,Guclu Météhan,,1.0,1,6.5,,,,,,,,,,,,,,,,,,,,,,,,,,,,6.5,,,,,,,,,,,PSG,
28,A,48.0,Mbappé Kylian,24.0,5.0,33,6.706896551724138,,7.5,7.0,7.0,,,,7.0,9.0,7.0,6.5,7.0,6.0,,6.0,5.5,7.0,7.0,6.0,7.0,9.0,8.0,5.5,5.0,6.0,7.0,7.0,,7.0,6.0,5.0,4.5,8.0,,,,8.0,6.0,PSG,1.2056650246305416
29,A,,Weah Timothy,1.0,1.0,1,5.0,6.0,4.0,,,,,,,,,,,,,,,,,,,,,,,,,,,,,,,,,,,,,PSG,2.0
0,G,7.0,Cardinale Yoan,3.0,,,4.833333333333333,5.0,6.0,3.5,,,,,,,,,,,,,,,,,,,,,,,,,,,,,,,,,,,,OGCN,1.5833333333333335
1,G,28.0,Benítez Walter,35.0,,,6.014285714285714,,,,9,6.5,4.0,5.0,5.0,5.0,4.5,8.0,7.5,7.5,7.0,6.0,6.0,6.0,6.0,5.0,6.5,5.0,8.0,4.0,7.5,4.5,5.5,6.0,5.5,5.0,6.0,7.0,7.5,5.0,6.0,8.0,5.0,3.5,7.0,OGCN,1.7865546218487396
2,G,2.0,Hassen Mouez,,,,,,,,,,,,,,,,,,,,,,,,,,,,,,,,,,,,,,,,,,,OGCN,
3,D,7.0,Boscagli Olivier,10.0,4.0,,5.0,5.0,7.0,3.0,6,5.0,4.5,,,,4.5,5.0,,,,4.5,5.0,,,,,,,,,,,,,5.5,6.0,5.0,,,,,,4.0,,OGCN,0.9230769230769231
4,D,13.0,Sarr Malang,34.0,1.0,1 / (-1),5.1571428571428575,,5.0,,6,4.5,5.0,5.5,3.5,4.5,5.5,6.5,5.0,6.0,5.5,6.0,6.0,5.0,4.5,4.0,5.0,4.0,6.0,3.0,5.5,4.0,4.5,6.5,5.5,5.5,,5.5,5.5,4.5,6.0,6.0,6.0,4.0,5.5,OGCN,0.746638655462185
5,D,19.0,Dante,36.0,,1,5.305555555555555,5.0,5.5,3.0,6,5.5,5.0,6.0,4.0,6.0,5.0,6.0,5.5,6.0,6.0,6.0,6.0,5.0,5.0,4.0,6.0,5.5,6.5,2.5,5.0,4.0,,6.0,5.5,4.5,6.0,7.5,4.5,5.0,6.0,5.5,5.0,,5.5,OGCN,0.9325396825396827
6,D,8.0,Jallet Christophe,11.0,3.0,1,5.178571428571429,,,,6,5.0,,6.0,,,,5.5,5.0,5.0,6.5,,,5.0,,4.0,5.0,,,,5.0,4.5,,,5.0,,,,,,,,,,5.0,OGCN,0.4079670329670329
7,D,5.0,Coly Racine,6.0,3.0,,4.611111111111111,,,,5,5.0,,5.0,4.5,4.5,,5.0,,,,,,5.0,,,,,,,,,,,,,4.5,,,,,,,3.0,,OGCN,0.42361111111111116
8,D,17.0,Herelle Christophe,33.0,,,5.409090909090909,5.0,4.5,3.5,5.5,4.5,5.5,5.0,4.0,6.0,5.0,,5.5,7.0,6.5,6.0,6.0,,4.0,,4.5,5.5,5.5,3.0,6.0,,4.5,7.0,5.5,6.0,6.0,6.0,5.5,6.0,6.0,6.0,5.5,,6.5,OGCN,0.8821022727272728
9,D,17.0,Atal Youcef,25.0,4.0,6,5.327586206896552,4.5,,,,5.5,6.0,5.0,4.0,5.0,5.0,,5.0,7.5,5.5,4.5,5.0,5.0,7.5,4.0,6.0,3.5,7.0,5.0,,,,7.0,4.5,5.0,,,4.5,4.0,9.0,6.0,3.5,5.0,5.5,OGCN,1.6299261083743841
10,D,1.0,Pelmard Andy,4.0,,,4.375,,,,,,,,,,,,,,,,,,,,,,,,,,5.0,5.5,,,,,,,,,4.0,3.0,,OGCN,1.2291666666666667
11,D,12.0,Burner Patrick,15.0,2.0,,4.911764705882353,,5.0,,,,,,,,,5.0,,,,,,6.0,,3.5,,4.5,,3.0,5.5,3.5,4.5,5.0,5.0,,6.0,6.5,5.5,5.0,5.0,5.0,,,,OGCN,0.8511029411764705
12,M,10.0,Makengo Jean-Victor,11.0,14.0,1,4.84,4.0,4.5,4.5,,,5.0,6.0,5.0,,,,,4.5,4.5,5.0,4.5,4.5,,,5.0,5.0,,5.0,,5.5,3.5,5.0,5.0,4.0,5.5,,,,6.0,5.0,5.0,5.0,4.5,OGCN,0.32749999999999996
13,M,10.0,Walter Remi,8.0,11.0,2,5.2105263157894735,,,,,,,,,5.0,,5.0,5.0,5.0,5.0,,,5.5,6.5,4.5,5.0,6.0,5.0,,7.0,4.5,,5.0,4.5,,,6.5,5.0,4.0,,,,,5.0,OGCN,0.5921052631578947
14,M,10.0,Cyprien Wylan,27.0,2.0,4,5.4655172413793105,5.5,5.5,4.0,6,4.5,4.5,,3.5,,4.0,7.0,5.5,7.0,6.5,5.0,7.0,5.0,7.5,3.5,6.0,5.5,5.0,3.5,6.0,4.0,5.5,6.5,5.5,7.0,6.5,6.0,,,,,,,,OGCN,1.373768472906404
15,M,15.0,Lees-Melou Pierre,26.0,4.0,2,5.3,5.0,5.5,3.5,6,6.5,5.5,6.0,4.0,4.5,,,,,6.0,5.5,6.5,,6.5,3.5,,,5.0,3.5,,4.5,5.0,5.0,5.0,5.5,7.0,5.0,5.5,4.5,7.0,5.0,6.0,5.0,6.0,OGCN,0.9241379310344829
16,M,16.0,Tameze Adrien,34.0,3.0,,5.283783783783784,5.0,5.5,3.5,6,5.5,6.0,5.5,4.5,6.0,4.5,6.0,5.5,6.0,6.0,4.5,5.0,6.0,6.0,3.0,6.5,4.5,7.5,3.0,6.0,4.5,3.5,4.5,5.5,6.0,5.0,,5.5,5.0,7.5,5.5,5.5,4.0,6.0,OGCN,1.1047297297297294
17,M,9.0,Srarfi Bassem,8.0,14.0,1,4.886363636363637,4.5,,3.0,,,5.0,5.0,5.0,6.5,4.5,,,,,5.0,4.5,,5.5,5.0,5.5,,,,,4.5,5.0,,,5.0,5.0,6.0,4.0,4.0,,5.0,5.0,5.0,,OGCN,0.4983766233766233
18,M,12.0,Saint-Maximin Allan,34.0,,6,5.0588235294117645,4.5,5.5,3.5,6,7.0,3.5,6.0,4.0,5.0,5.0,6.0,4.0,,7.5,4.0,5.0,5.0,5.5,,6.5,5.0,7.0,3.5,5.0,,4.5,6.5,4.0,4.0,,5.0,5.0,5.0,6.0,3.5,5.0,3.5,6.0,OGCN,1.2388591800356508
19,M,2.0,Mahou Hicham,,,,,,,,,,,,,,,,,,,,,,,,,,,,,,,,,,,,,,,,,,,OGCN,
20,M,11.0,Danilo,18.0,4.0,,4.818181818181818,5.5,4.5,3.5,,,,,,,4.5,5.0,4.5,2.5,,,,5.0,,,,5.5,6.5,3.0,,,4.5,5.0,,5.5,5.0,6.0,5.0,,5.5,6.0,4.5,4.5,4.5,OGCN,0.8939393939393939
21,M,7.0,Sylvestre Eddy,3.0,2.0,,4.6,,,,,,,,,,,,,,,,,,,4.5,5.0,5.0,5.0,,,3.5,,,,,,,,,,,,,,OGCN,0.425
22,M,1.0,Wade Paul,,1.0,,4.5,,,,,,,,,,,,,,,,,,,,,,,,4.5,,,,,,,,,,,,,,,OGCN,
23,M,,Jaziri Assil,,3.0,,4.833333333333333,,,,,,,,,,,,,,,,,,,,,,,,,,,,,,5.0,,,5.0,4.5,,,,,OGCN,0.08333333333333333
24,M,9.0,Sacko Ihsan,4.0,9.0,,4.6923076923076925,5.0,,,,,,5.0,,4.5,,,4.0,,,,,2.5,,5.0,5.0,,,,,,,,5.0,4.5,5.5,,,4.5,6.0,,4.5,,,OGCN,0.689102564102564
25,A,4.0,Le Bihan Mickael,2.0,3.0,1,4.5,,,4.0,,,,,,,,,,,,,,,,,,,,,,,,,,,,,,,,4.5,3.5,4.5,6.0,OGCN,0.875
26,A,,Balotelli Mario,9.0,1.0,,4.4,,,,4.5,,3.5,,4.5,,4.5,5.0,4.0,4.0,6.0,4.0,4.0,,,,,,,,,,,,,,,,,,,,,,,OGCN,0.4888888888888888
27,A,8.0,Diaby Mohamed Lamine,2.0,4.0,,4.333333333333333,4.5,,4.5,,,,,,,,,,,,,,,,,,,,,,4.5,4.0,,,,,4.0,4.5,,,,,,,OGCN,0.06666666666666667
28,A,7.0,Maolida Myziane,10.0,4.0,,4.571428571428571,,4.5,3.0,4,6.0,4.0,5.0,4.5,5.0,5.0,,5.0,4.5,,,,,,,,,5.0,4.0,4.5,,,,,,,,,,,,,,,OGCN,0.4945054945054945
29,A,4.0,Pelican Maxime,1.0,1.0,,4.0,,,,,,,,,,,,,,,,,,,,,,,,4.5,,3.5,,,,,,,,,,,,,OGCN,0.5
30,A,,Pedro Brazao,,1.0,,5.0,,,,,,,,,,,,,,,,,,,,,,,,,,,,,,,,,5.0,,,,,,OGCN,
31,A,9.0,Ganago Ignatius,9.0,11.0,2,4.725,,6.0,,,,,,,,4.5,5.0,,4.5,4.5,5.0,4.5,,4.5,4.0,,5.0,6.0,3.5,5.0,4.0,,,,,,4.5,5.0,,4.0,6.5,,3.5,5.0,OGCN,0.6177631578947369
32,,,,,,,,4.954545454545454,5.363636363636363,3.3636363636363638,6.090909090909091,5.5,4.818181818181818,5.545454545454546,4.2727272727272725,5.2727272727272725,4.7727272727272725,5.909090909090909,5.181818181818182,5.7272727272727275,6.2727272727272725,5.090909090909091,5.545454545454546,5.090909090909091,5.7727272727272725,3.909090909090909,5.636363636363637,4.863636363636363,6.363636363636363,3.3636363636363638,5.7272727272727275,4.136363636363637,4.5,6.0,5.045454545454546,5.2727272727272725,5.863636363636363,5.863636363636363,5.2272727272727275,4.7272727272727275,6.409090909090909,5.7272727272727275,4.863636363636363,3.909090909090909,5.7727272727272725,OGCN,0.6020478939139224
0,G,26.0,Ruffier Stéphane,37.0,,,5.783783783783784,6.0,6.0,6.0,6.0,5.0,3.5,6.0,7.5,3.0,6.0,6.0,5.0,6.0,5.0,6.0,3.5,6.0,7.0,6.0,6.5,7.0,5.0,5.0,5.0,5.5,6.0,6.0,7.0,6.0,6.0,5.0,5.5,6.0,8.0,5.5,6.0,7.5,,ASSE,1.0908408408408408
1,G,7.0,Moulin Jessy,1.0,,(-1),6.0,,,,,,,,,,,,,,,,,,,,,,,,,,,,,,,,,,,,,,6.0,ASSE,
2,D,15.0,Perrin Loic,31.0,,1,5.354838709677419,6.0,4.5,6.0,5.5,3.0,5.5,,6.5,3.5,4.5,5.0,6.0,5.5,,,,6.0,6.0,7.0,6.0,4.0,5.5,7.0,3.0,5.5,6.0,3.5,,,,4.5,6.5,6.0,6.0,4.5,6.0,6.0,5.5,ASSE,1.1865591397849462
3,D,14.0,Polomat Pierre-Yves,11.0,7.0,,5.166666666666667,,,,,,,,,,,,,,,,5.0,5.0,5.0,5.0,5.0,5.0,,5.0,,,5.0,4.0,,6.0,5.0,5.0,6.0,5.0,7.0,5.0,5.0,5.0,,ASSE,0.38235294117647056
4,D,14.0,Saliba William,13.0,3.0,,5.28125,,,,,,,4.5,,4.0,3.5,,,,,,4.0,,5.5,7.0,5.5,,,,,,5.0,,4.5,6.5,,,6.0,6.0,7.5,5.0,5.0,5.0,,ASSE,1.2322916666666666
5,D,7.0,Gabriel Silva,16.0,3.0,,5.2105263157894735,4.5,6.0,5.5,5.0,3.5,5.0,5.0,6.0,,,,,5.5,5.0,6.5,,5.0,,,5.0,6.0,5.0,6.0,4.0,5.5,5.0,,,,,,,,,,,,,ASSE,0.5365497076023391
6,D,7.0,Subotic Neven,26.0,,1,5.038461538461538,6.5,3.5,,5.0,4.0,5.5,5.5,6.0,4.0,4.0,4.5,4.0,6.5,5.5,6.0,5.0,5.5,,,,5.0,5.0,5.5,4.0,,7.0,5.0,3.0,6.0,5.5,4.0,,,,,,,,ASSE,1.0184615384615385
7,D,13.0,Kolodziejczak Timothée,35.0,1.0,3,5.194444444444445,6.5,6.0,5.5,6.0,4.0,6.5,4.5,5.5,3.5,4.5,5.0,5.5,5.0,4.0,7.0,4.0,5.0,5.5,5.5,5.5,5.5,5.5,6.0,4.0,4.5,6.0,4.5,4.5,6.0,4.5,5.5,5.0,5.5,,4.5,,6.0,5.0,ASSE,0.6753968253968254
8,D,3.0,Panos Mickael,,1.0,,5.0,,,,,,,,5.0,,,,,,,,,,,,,,,,,,,,,,,,,,,,,,,ASSE,
9,D,,Fofana Wesley,1.0,1.0,,5.25,,,,,,,,,,,,,,,,,,,,,,,,,,,,,,,,,,,,,6.0,4.5,ASSE,1.125
10,D,15.0,Debuchy Mathieu,23.0,1.0,4,5.1875,,6.5,5.0,5.0,,5.0,,,,4.5,6.0,6.0,7.5,5.0,6.5,5.0,,,,,,,5.0,5.0,4.5,,3.0,4.5,,4.5,4.5,8.0,6.0,4.5,3.5,4.5,,5.0,ASSE,1.3002717391304348
11,M,13.0,Hamouma Romain,19.0,8.0,4,5.203703703703703,5.5,5.0,,,5.0,4.5,5.0,,5.0,,,7.0,4.5,5.0,5.0,,4.5,,,5.0,6.0,5.0,,3.5,5.0,,3.5,5.0,8.0,5.0,5.5,5.0,5.0,5.5,4.0,,7.5,6.0,ASSE,1.0434472934472936
12,M,,Selnaes Ole,19.0,1.0,,5.7,5.0,5.5,5.5,5.0,4.5,5.0,7.0,7.5,5.5,,5.0,5.5,7.0,5.0,7.0,5.5,5.5,6.0,7.0,5.5,4.5,,,,,,,,,,,,,,,,,,ASSE,0.8263157894736842
13,M,,Dioussé Assane,2.0,5.0,,5.071428571428571,4.5,,,,5.5,,5.5,,,5.5,5.0,,,,,,,,5.0,,4.5,,,,,,,,,,,,,,,,,,ASSE,0.20238095238095236
14,M,32.0,Khazri Wahbi,32.0,,13,5.578125,7.0,5.0,4.0,5.5,4.0,6.0,,8.0,4.5,7.0,4.0,5.0,8.0,5.0,7.0,6.0,8.0,,7.0,6.0,5.0,5.0,5.0,,4.0,6.0,3.5,4.0,,,7.0,8.0,7.0,6.0,4.0,3.5,,3.5,ASSE,2.1791834677419355
15,M,,Camara Mahdi,,1.0,,5.0,5.0,,,,,,,,,,,,,,,,,,,,,,,,,,,,,,,,,,,,,,ASSE,
16,M,16.0,Nordin Arnaud,11.0,14.0,3,5.28,5.0,,5.0,,,5.5,4.5,5.5,5.0,5.0,4.5,4.0,,,,,,5.0,4.5,,,5.0,,,4.5,5.0,,5.0,7.0,5.5,4.5,6.0,6.0,6.0,6.5,4.5,6.0,7.0,ASSE,0.6475000000000001
17,M,28.0,Cabella Rémy,34.0,,8,5.397058823529412,,7.0,4.5,5.0,,6.0,7.0,6.0,6.0,3.5,7.0,7.0,5.5,5.5,6.0,5.5,4.0,,6.5,5.0,4.0,6.0,5.5,3.5,4.5,5.0,3.5,4.0,6.0,6.5,5.5,5.5,6.0,4.5,8.0,3.5,,5.0,ASSE,1.375445632798574
18,M,8.0,Salibur Yannis,9.0,12.0,1,5.023809523809524,,,,5.0,4.0,6.0,6.5,5.5,4.0,6.0,4.5,4.5,4.5,5.0,7.0,5.0,4.5,4.5,,4.5,,4.0,,4.5,,,,,,,,,,4.5,,5.0,6.5,,ASSE,0.7869047619047619
19,M,,Rocha Santos Kenny,,1.0,,5.0,,,,,,,,,,,,,,,,,,,,,,5.0,,,,,,,,,,,,,,,,,ASSE,
20,M,15.0,Aït Bennasser Youssef,11.0,2.0,,5.423076923076923,,,,,,,,,,,,,,,,,,,,,,,5.0,4.0,7.0,7.0,5.0,4.0,7.0,5.0,,4.5,6.5,,5.0,5.5,5.0,,ASSE,1.2019230769230769
21,M,10.0,Vada Valentin,3.0,9.0,1,5.208333333333333,,,,,,,,,,,,,,,,,,,,,,,5.5,5.0,,,5.0,4.5,7.0,6.0,4.5,,4.5,6.0,4.5,5.0,5.0,,ASSE,0.6117424242424243
22,M,24.0,M'Vila Yann,37.0,,,5.45945945945946,6.0,5.0,5.5,5.5,4.0,4.5,5.0,7.0,4.0,5.0,5.5,6.0,6.0,6.0,7.0,4.0,5.5,4.0,6.0,6.0,5.5,3.5,5.0,,5.5,6.0,5.0,5.0,7.0,6.0,6.0,6.0,6.0,7.0,4.5,5.0,6.0,5.5,ASSE,0.7969219219219219
23,A,5.0,Monnet-Paquet Kévin,16.0,7.0,1,4.6521739130434785,5.0,5.0,5.5,4.5,4.0,,4.5,5.0,3.5,,4.5,4.5,4.5,4.5,4.5,5.0,5.0,3.0,7.0,5.0,3.5,5.5,4.5,4.0,5.0,,,,,,,,,,,,,,ASSE,0.6462450592885376
24,A,8.0,Diony Lois,19.0,11.0,5,4.883333333333334,7.0,4.5,5.0,5.0,3.0,5.0,7.0,6.0,5.0,4.0,4.0,6.0,5.0,4.0,4.5,6.0,4.0,7.0,5.0,4.5,5.0,4.5,,4.5,4.5,5.0,4.5,,,4.5,4.0,4.5,4.0,,,,,,ASSE,0.9255747126436781
25,A,16.0,Beric Robert,12.0,11.0,9,5.0,,,4.0,4.0,4.5,,,,,3.5,,,,4.5,6.0,4.5,,4.0,6.0,,,,6.5,5.0,4.0,,5.0,3.5,7.0,6.5,5.5,4.5,,7.5,4.0,4.0,7.0,4.0,ASSE,1.5227272727272727
26,A,2.0,Abi Charles,,3.0,,4.666666666666667,,,,,,,,,,,,,,,,,,4.5,,,,,,,,4.5,,,,,,,,,,,,5.0,ASSE,0.08333333333333333
27,A,8.0,Ghezali Lamine,,6.0,1,4.5,,,,,,,,,,,,,,,,,,,,,,,,,,,,,6.0,4.0,,,,4.5,,4.0,4.5,4.0,ASSE,0.6
28,A,3.0,Gueye Makhtar,,5.0,1,5.2,,6.0,,,,,,,,,,,,,,,,5.0,,,,,,,,,,4.5,6.0,,,,,,,,,4.5,ASSE,0.575
0,G,2.0,Jakubech Adam,,,,,,,,,,,,,,,,,,,,,,,,,,,,,,,,,,,,,,,,,,,LOSC,
1,G,26.0,Maignan Mike,38.0,,,5.776315789473684,5.0,7.0,7.0,5.5,6.5,6.0,5.0,6.5,5.5,7.0,6.0,5.5,6.0,4.5,5.0,7.0,5.0,6.0,5.5,5.0,4.5,6.0,6.0,6.0,6.0,4.5,5.5,6.5,7.0,5.0,5.0,6.0,6.0,6.5,4.5,6.0,6.0,6.0,LOSC,0.5769914651493597
2,G,3.0,Koffi Kouakou,,,,,,,,,,,,,,,,,,,,,,,,,,,,,,,,,,,,,,,,,,,LOSC,
3,D,13.0,Soumaoro Adama,20.0,,,5.7,5.5,5.5,6.5,6.0,5.5,6.0,4.5,,6.5,7.0,5.5,5.0,6.5,,,,,,,5.5,5.5,5.5,6.0,,,,,,,7.0,5.5,5.0,,,,,,4.0,LOSC,0.5894736842105263
4,D,,Ié Edgar,1.0,6.0,,4.928571428571429,5.0,5.0,,,,,,5.5,5.0,,,,,,5.0,,,5.0,4.0,,,,,,,,,,,,,,,,,,,,LOSC,0.20238095238095236
5,D,14.0,Kone Youssouf,19.0,1.0,,5.425,,,,5.0,,,,,,,,,,5.0,,,,,,6.0,5.5,5.0,5.5,5.0,4.0,5.0,6.5,5.5,4.5,5.5,5.0,6.5,5.0,7.5,4.5,6.0,6.0,,LOSC,0.6651315789473684
6,D,7.0,Dabila Kouadio,8.0,4.0,,5.208333333333333,5.0,,,5.0,,,,6.5,5.5,5.0,5.0,,,4.5,5.0,6.5,5.0,5.5,4.0,,,,,,,,,,,,,,,,,,,,LOSC,0.5208333333333334
7,D,16.0,Zeki Celik Mehmet,34.0,,1.0,5.161764705882353,6.0,4.5,5.0,4.5,5.0,5.0,5.0,5.0,5.0,6.5,5.0,4.0,5.0,4.5,4.5,5.5,5.0,6.0,5.0,5.0,,5.5,6.0,5.0,,,6.0,5.0,5.0,4.0,5.0,5.0,5.5,7.5,4.0,5.0,6.0,,LOSC,0.5260695187165775
8,D,25.0,José Fonte,36.0,,3.0,5.527777777777778,,6.0,6.0,5.5,4.0,7.5,4.5,6.0,5.0,5.0,6.0,5.0,6.0,3.5,5.0,6.5,4.5,4.0,,5.5,6.0,5.5,7.0,6.0,5.5,5.5,6.0,6.0,4.5,5.5,6.0,7.5,6.0,6.0,4.5,6.0,6.5,3.5,LOSC,0.942063492063492
9,D,15.0,Gabriel,11.0,3.0,1.0,5.821428571428571,,,,,,,,5.0,,,,,,,,,,,,,,,,6.0,5.5,5.5,6.0,7.0,4.0,,,6.5,6.0,7.0,4.5,6.0,7.0,5.5,LOSC,0.831043956043956
10,D,7.0,Pied Jérémy,4.0,7.0,,4.954545454545454,,,,,,,,,,,5.0,,,,,,,4.0,,4.5,6.0,5.5,6.5,5.0,5.0,4.5,,,,,,,,,,,5.0,3.5,LOSC,0.7227272727272727
11,D,6.0,Reinildo,1.0,2.0,,4.666666666666667,,,,,,,,,,,,,,,,,,,,,,,,,,5.0,,,,,,,,,5.0,,,4.0,LOSC,0.33333333333333337
12,D,,Ballo-Toure Fode,18.0,,,5.194444444444445,5.0,5.0,5.0,5.0,5.0,5.0,6.0,6.5,5.0,6.5,6.0,4.0,3.5,,5.0,6.0,5.5,4.5,5.0,,,,,,,,,,,,,,,,,,,,LOSC,0.6217320261437908
13,M,33.0,Thiago Mendes,35.0,,,6.128571428571429,5.0,6.0,7.0,,6.0,6.5,5.5,5.5,6.5,5.5,5.5,6.0,7.0,,5.5,7.5,5.0,7.5,6.0,8.0,5.0,4.5,7.5,6.5,5.5,6.0,5.0,6.0,6.0,6.0,6.5,6.5,6.0,8.0,,6.0,7.5,4.5,LOSC,0.8726890756302523
14,M,8.0,Xeka,26.0,1.0,1.0,5.185185185185185,6.0,6.0,7.5,4.5,4.0,4.5,4.5,6.0,5.5,,5.5,5.0,5.5,3.5,4.5,5.0,4.5,6.0,,,6.0,4.0,6.0,6.0,4.5,,4.5,5.5,4.0,4.5,,7.0,,,,,,,LOSC,0.9451566951566952
15,M,2.0,Faraj Imad,,,,,,,,,,,,,,,,,,,,,,,,,,,,,,,,,,,,,,,,,,,LOSC,
16,M,4.0,Bahlouli Fares,,,,,,,,,,,,,,,,,,,,,,,,,,,,,,,,,,,,,,,,,,,LOSC,
17,M,13.0,Soumare Boubakary,5.0,13.0,1.0,5.166666666666667,,,,,4.5,,,,,5.0,,5.0,4.5,,,5.0,4.5,,4.5,4.5,5.0,5.0,,,,5.0,,,,,4.5,5.0,6.0,7.0,7.0,5.0,6.0,,LOSC,0.6470588235294119
18,M,32.0,Bamba Jonathan,35.0,3.0,13.0,5.4868421052631575,7.0,4.5,8.0,4.5,5.0,3.5,3.5,7.0,8.5,5.5,5.5,5.0,4.5,3.5,5.0,5.0,5.5,7.5,3.5,6.0,4.5,6.0,7.5,5.5,4.5,5.0,4.5,6.5,4.0,6.5,4.5,8.0,4.5,7.0,4.5,5.0,8.0,4.5,LOSC,2.020092460881934
19,M,14.0,Jonathan Ikone,34.0,4.0,3.0,5.0394736842105265,5.0,5.0,5.0,5.0,6.0,6.0,4.0,5.0,5.0,5.0,5.5,4.5,4.5,4.5,4.0,5.5,4.0,5.0,4.0,4.5,4.0,6.0,5.5,6.0,5.5,6.0,4.5,4.5,5.0,4.5,4.5,6.5,4.5,5.5,4.0,6.0,6.5,5.5,LOSC,0.5456970128022758
20,M,3.0,Zekaj Arton,,1.0,,5.0,5.0,,,,,,,,,,,,,,,,,,,,,,,,,,,,,,,,,,,,,,LOSC,
21,M,11.0,Thiago Maia,10.0,14.0,,5.083333333333333,,5.0,5.0,5.0,4.5,5.0,5.0,,5.0,6.5,,,,3.5,5.0,,,5.0,7.0,6.5,4.5,,,5.0,4.5,5.0,,5.0,5.0,5.0,5.0,,,,5.5,5.0,,4.5,LOSC,0.5144927536231882
22,A,8.0,Luiz Araujo,6.0,19.0,3.0,4.74,,,4.5,4.5,,4.5,4.5,,,6.0,,4.5,4.5,4.5,,5.0,4.5,,4.5,6.0,4.0,,4.5,,5.0,4.5,5.5,5.0,4.0,3.5,,,5.0,5.0,,4.5,6.0,4.5,LOSC,0.3775
23,A,8.0,Rui Fonte,5.0,13.0,1.0,4.527777777777778,,,,,5.0,4.5,3.5,,,,4.0,4.5,4.0,5.0,,4.5,4.5,,,,,,,,,,4.5,,4.5,,,4.5,5.0,6.0,4.5,4.5,4.0,4.5,LOSC,0.27859477124182996
24,A,22.0,Rafael Leao,16.0,8.0,8.0,5.104166666666667,,,,,,,,4.5,,,6.0,3.5,5.0,4.5,4.0,,4.0,6.0,5.5,6.5,6.5,4.0,7.0,7.0,4.5,5.5,4.5,5.0,3.5,6.0,4.5,,4.5,6.0,4.5,,,,LOSC,1.129981884057971
25,A,49.0,Pepe Nicolas,37.0,1.0,22.0,5.9868421052631575,8.0,4.5,8.0,5.5,8.5,4.5,5.0,7.0,7.0,5.5,7.0,6.0,4.0,3.5,6.5,5.5,6.5,7.5,4.5,8.0,3.5,8.0,7.5,5.0,5.0,4.5,5.0,7.5,5.0,7.5,6.5,8.0,4.5,7.0,4.5,4.0,7.5,4.5,LOSC,2.276849217638691
26,A,,Mothiba Lebo,3.0,,1.0,5.166666666666667,7.0,4.0,4.5,,,,,,,,,,,,,,,,,,,,,,,,,,,,,,,,,,,,LOSC,2.583333333333333
27,A,16.0,Remy Loïc,14.0,12.0,7.0,4.961538461538462,,,4.5,2.5,4.5,5.0,4.5,5.0,5.0,4.0,,,,4.5,7.0,4.5,,,4.5,,,4.5,6.0,6.0,4.0,,4.5,4.5,,4.5,4.0,5.5,,6.5,6.0,6.0,5.5,6.0,LOSC,0.9384615384615383
28,A,,Benzia Yassine,2.0,,,6.5,7.0,6.0,,,,,,,,,,,,,,,,,,,,,,,,,,,,,,,,,,,,,LOSC,0.5
0,G,20.0,Costil Benoit,37.0,,,5.72972972972973,6.0,5.0,6.0,5.5,4.0,6.0,8.0,5.5,6.0,5.0,5.0,5.0,5.5,6.5,4.0,5.0,8.0,7.0,6.0,6.0,6.0,5.5,6.0,6.0,6.0,7.0,5.5,7.0,5.0,6.5,7.0,5.0,4.5,4.0,5.0,6.0,5.0,,FCGB,0.952702702702703
1,G,1.0,Poussin Gaetan,1.0,,,6.0,,,,,,,,,,,,,,,,,,,,,,,,,,,,,,,,,,,,,,6.0,FCGB,
2,G,5.0,Prior Jerome,,,,,,,,,,,,,,,,,,,,,,,,,,,,,,,,,,,,,,,,,,,FCGB,
3,D,10.0,Poundjé Maxime,28.0,2.0,,5.016666666666667,,3.5,4.5,4.5,4.0,,6.0,5.0,,,5.0,4.5,6.0,5.0,6.0,4.5,6.5,5.0,5.0,4.5,5.5,5.0,6.0,,,4.5,4.0,5.5,5.0,6.0,5.5,,5.5,3.5,5.0,5.0,5.0,,FCGB,0.560057471264368
4,D,9.0,Sabaly Youssouf,21.0,2.0,,4.891304347826087,,,,,5.0,5.0,,5.0,6.5,4.5,,,,5.0,5.5,4.5,,,,4.5,5.0,,,5.0,,5.0,,5.5,4.5,4.5,5.0,3.0,5.0,3.5,5.5,5.0,5.0,5.5,FCGB,0.47628458498023724
5,D,5.0,Lewczuk Igor,3.0,3.0,,4.666666666666667,4.0,4.5,,4.5,4.0,,,,,,,,,,,,,,6.0,,,,,,,,,,,,,,,,,,,5.0,FCGB,0.5666666666666667
6,D,,Gajic Milan,1.0,,,3.5,3.5,,,,,,,,,,,,,,,,,,,,,,,,,,,,,,,,,,,,,,FCGB,
7,D,2.0,Carrique Thomas,,,,,,,,,,,,,,,,,,,,,,,,,,,,,,,,,,,,,,,,,,,FCGB,
8,D,12.0,Koundé Jules,37.0,,,5.013513513513513,4.5,3.5,5.0,5.0,4.0,6.0,6.0,5.5,6.0,4.0,4.0,5.5,6.0,6.0,5.0,5.0,5.0,5.5,4.5,5.5,6.0,4.5,6.0,6.0,5.0,4.0,4.5,5.0,5.0,5.5,6.0,4.5,3.5,3.0,,5.5,4.0,6.0,FCGB,0.7289789789789789
9,D,,Baysse Paul,,1.0,,4.0,4.0,,,,,,,,,,,,,,,,,,,,,,,,,,,,,,,,,,,,,,FCGB,
10,D,10.0,Pablo,25.0,,1.0,5.44,4.0,,6.0,4.0,,5.5,7.0,5.5,,5.0,5.5,6.0,6.0,6.0,5.0,8.0,,6.0,5.0,,,,,6.0,,,4.5,5.5,5.0,6.0,6.0,,,3.0,5.0,5.0,,5.5,FCGB,0.9858333333333332
11,D,10.0,Palencia Sergi,22.0,3.0,,4.92,,4.0,5.0,5.0,4.0,6.0,5.5,,6.5,4.0,5.5,5.5,5.0,,4.0,,4.5,5.0,6.0,,5.0,4.5,6.0,5.5,4.0,,4.0,,5.0,,,3.0,,4.5,,,,6.0,FCGB,0.7433333333333333
12,D,,Lauray Alexandre,3.0,,,4.333333333333333,,,,,,,,,,,,,,,,,,,,,,,,,,,,,,,,4.0,5.0,,4.0,,,,FCGB,0.33333333333333337
13,D,3.0,Cissokho Till,1.0,,,4.5,,,,,,,,,,,,,,,,,,,,,,,,,,,,,,,,4.5,,,,,,,FCGB,
14,D,10.0,Jovanovic Vukasin,15.0,1.0,,5.375,,,,,,,,,7.5,,,,,,,,6.0,,,4.5,6.0,4.5,6.0,5.5,4.5,5.0,,,6.0,6.0,6.0,,4.5,3.5,,,5.0,5.5,FCGB,0.9166666666666666
15,M,8.0,Plasil Jaroslav,16.0,7.0,,5.130434782608695,4.0,4.5,5.5,4.5,6.0,,,,,5.0,5.5,6.0,,5.5,5.5,,5.0,5.5,,5.0,5.0,,5.5,,,,5.0,,5.0,,5.0,5.0,,,5.0,5.0,4.5,5.5,FCGB,0.23221343873517783
16,M,,Vada Valentin,,2.0,,5.0,,5.0,,,,,,,,,,,5.0,,,,,,,,,,,,,,,,,,,,,,,,,,FCGB,0.0
17,M,,Lerager Lukas,15.0,3.0,,5.055555555555555,6.0,4.5,5.0,4.5,4.0,6.0,5.0,5.5,6.0,4.0,5.0,,5.0,4.5,,5.0,6.0,,5.5,4.5,,5.0,,,,,,,,,,,,,,,,,FCGB,0.43790849673202614
18,M,11.0,Otávio,33.0,,,5.5,,,,,,5.5,7.0,6.0,7.0,5.0,4.5,6.0,5.5,5.5,5.5,5.5,6.0,4.5,5.0,5.5,5.5,5.0,6.0,6.0,5.0,5.5,5.0,5.0,6.0,5.5,6.0,3.5,4.5,6.0,5.0,6.0,5.5,6.5,FCGB,0.515625
19,M,8.0,Youssouf Zaydou,7.0,4.0,,4.5,4.0,,,,,,,5.0,5.0,,,,,,,5.0,,,,,,,,,,,,,,3.5,5.0,4.5,4.5,4.5,4.5,4.0,,,FCGB,0.25
20,M,7.0,Tchouameni Aurelien,8.0,2.0,,5.0,4.5,5.0,5.5,,,,6.0,4.5,,,,,4.5,,,,,,,,,,,4.5,6.0,4.0,,5.5,,,,,,,,,,,FCGB,0.5
21,M,9.0,Basic Toma,16.0,7.0,2.0,4.804347826086956,4.5,,,5.5,,,,,,5.5,,,,,,,5.0,5.0,,4.5,5.0,4.5,5.0,4.5,6.5,4.0,6.0,,5.0,5.0,5.5,4.5,4.5,4.5,4.0,4.0,3.5,4.5,FCGB,0.47134387351778656
22,M,7.0,Adli Yacine,2.0,5.0,,4.571428571428571,,,,,,,,,,,,,,,,,,,,,,,4.0,,5.0,,5.0,,,,,,4.5,,5.0,4.5,4.0,,FCGB,0.20238095238095236
23,M,,Lottin Albert,,2.0,,4.75,,,,,,,,,,,,,,,,,,,,,,,,,,,,,,,5.0,,,,,4.5,,,FCGB,0.125
24,M,1.0,Benrahou Yassine,1.0,3.0,1.0,4.625,,,,,,,,,,,,,,,,,,,,,,,,,,,,,,,,,,4.5,5.0,4.5,4.5,,FCGB,0.0625
25,M,1.0,Trichard Driss,1.0,,,5.0,,,,,,,,,,,,,,,,,,,,,,,,,5.0,,,,,,,,,,,,,,FCGB,
26,M,8.0,Sankharé Younousse,17.0,5.0,1.0,4.954545454545454,5.0,4.0,6.0,4.5,6.0,6.0,4.0,,5.5,5.0,4.5,5.0,,4.5,5.0,5.0,,5.0,5.5,,,5.0,,5.0,,,,4.0,5.0,3.5,,,,,,,,6.0,FCGB,0.49783549783549785
27,A,,Laborde Gaetan,1.0,,,3.5,3.5,,,,,,,,,,,,,,,,,,,,,,,,,,,,,,,,,,,,,,FCGB,
28,A,13.0,Kamano Francois,29.0,8.0,10.0,5.0675675675675675,5.0,5.0,7.5,4.5,4.0,7.0,7.0,5.0,8.0,5.0,5.5,4.5,3.5,4.5,6.0,6.5,,5.5,4.0,5.0,4.5,5.0,4.5,5.0,5.5,4.5,4.5,4.5,6.0,4.5,7.0,3.0,4.5,4.0,4.0,4.5,4.0,5.0,FCGB,1.28003003003003
29,A,12.0,de Preville Nicolas,14.0,9.0,3.0,4.826086956521739,,3.0,5.0,4.0,4.5,6.0,,4.5,,,,4.5,5.0,,,6.0,5.0,5.0,,,,,5.0,4.0,4.5,4.0,4.0,6.0,6.0,4.5,6.5,,4.0,6.0,4.0,,,,FCGB,0.809288537549407
30,A,8.0,Kalu Samuel,14.0,7.0,3.0,5.095238095238095,,5.5,5.0,5.0,6.5,5.0,5.5,,5.0,5.0,5.0,,4.5,4.5,4.5,,6.0,3.5,7.0,4.5,6.0,,,,,4.0,,5.0,,,,,,,,,5.0,5.0,FCGB,0.6404761904761905
31,A,7.0,Cornelius Andreas,6.0,14.0,3.0,4.775,,,,,4.5,6.0,4.5,4.5,4.5,,5.0,6.5,4.5,4.5,6.5,4.0,4.5,4.5,4.0,4.5,6.0,4.0,5.0,4.0,4.0,,,,,,,,,,,,,,FCGB,0.6703947368421053
32,A,9.0,Karamoh Yann,13.0,9.0,3.0,4.7727272727272725,,,,,,6.5,4.5,4.5,7.0,4.5,5.0,5.5,,5.0,5.0,5.0,6.5,,4.5,4.0,4.0,4.0,3.5,,,4.5,4.5,4.0,,4.5,,3.5,,,,,5.0,,FCGB,0.8506493506493504
33,A,8.0,Maja Josh,3.0,4.0,1.0,4.571428571428571,,,,,,,,,,,,,,,,,,,,,,,4.0,,4.5,4.5,4.5,4.0,,,,4.5,6.0,,,,,,FCGB,0.4523809523809524
34,A,13.0,Briand Jimmy,28.0,7.0,7.0,4.771428571428571,,5.0,4.0,4.0,7.0,,4.5,4.0,5.0,3.0,3.5,5.0,4.0,4.0,6.0,7.0,5.5,4.5,5.0,5.0,4.5,4.0,,4.0,7.0,4.0,4.0,6.0,5.0,4.0,5.5,4.0,4.0,7.0,4.0,4.0,4.5,5.5,FCGB,1.1226890756302523
0,G,20.0,Lecomte Benjamin,37.0,,,5.5675675675675675,6.0,5.5,6.0,7.0,4.5,6.0,4.5,7.0,5.0,6.0,7.0,6.0,5.0,6.0,4.5,6.0,5.0,5.5,5.0,6.5,,5.5,6.0,5.5,6.0,4.0,6.0,6.0,6.0,6.0,5.5,5.0,5.0,5.0,4.5,7.5,3.5,5.0,MHSC,0.7522522522522523
1,G,7.0,Bertaud Dimitry,1.0,,,6.0,,,,,,,,,,,,,,,,,,,,,6.0,,,,,,,,,,,,,,,,,,MHSC,
2,D,13.0,Congré Daniel,37.0,,2,5.081081081081081,4.0,6.0,5.0,6.0,4.5,6.0,4.5,6.0,6.0,6.0,7.0,5.5,5.0,5.0,5.0,5.0,2.5,5.0,4.5,5.0,5.5,5.5,4.5,4.5,5.5,5.0,6.0,4.0,4.5,6.0,4.0,5.0,5.5,4.0,6.0,4.0,,5.0,MHSC,0.7432432432432432
3,D,19.0,Hilton,37.0,,(-1),5.388888888888889,5.0,5.0,5.5,6.0,5.5,6.0,4.0,,,6.0,6.0,6.0,4.5,5.0,5.5,5.0,3.0,4.5,5.0,5.5,5.5,7.0,5.5,4.5,6.0,4.5,6.5,5.0,4.5,8.0,4.5,6.0,6.0,5.0,5.5,6.0,6.0,5.0,MHSC,0.8015873015873015
4,D,16.0,Pedro Mendes,31.0,,1,5.338709677419355,6.0,6.0,5.5,7.0,5.5,5.5,5.0,6.0,5.5,5.5,5.0,,,5.5,6.0,,4.5,4.0,4.0,4.0,5.0,5.5,5.5,4.5,5.5,,,,,5.5,4.5,6.0,5.0,6.0,5.5,6.0,5.5,5.0,MHSC,0.47311827956989244
5,D,,Poaty Morgan,1.0,,,4.5,4.5,,,,,,,,,,,,,,,,,,,,,,,,,,,,,,,,,,,,,,MHSC,
6,D,14.0,Aguilar Ruben,29.0,,1,5.275862068965517,3.0,5.0,5.0,6.0,,6.5,4.5,6.0,6.0,6.0,6.5,7.0,4.5,5.0,5.5,4.5,4.0,5.0,7.0,5.5,4.5,5.0,,4.5,,5.0,,,4.0,5.5,4.5,7.0,5.5,,,,,5.0,MHSC,0.956896551724138
7,D,6.0,Cozza Nicolas,11.0,1.0,,4.708333333333333,,,,,,,4.0,6.0,5.5,,,6.0,4.0,,,5.0,3.5,,,,,,,,,4.0,7.0,5.0,3.0,,,,,,,,3.5,,MHSC,1.5208333333333335
8,D,16.0,Le Tallec Damien,31.0,5.0,3,5.361111111111111,3.5,5.0,4.5,5.0,7.0,6.0,7.0,7.0,5.0,7.0,7.0,5.5,4.5,5.0,5.0,5.5,4.0,6.0,3.5,6.5,5.0,5.5,5.5,4.5,5.0,4.5,5.5,,,5.5,5.5,5.0,5.5,6.0,4.5,6.0,5.0,5.0,MHSC,0.8658730158730161
9,D,1.0,Passi Bryan,,,,,,,,,,,,,,,,,,,,,,,,,,,,,,,,,,,,,,,,,,,MHSC,
10,D,8.0,Suarez Mathias,7.0,3.0,,4.6,,,,,,,,,,,,,,,,,,,,,,,5.0,,,3.5,4.5,4.5,,,,5.0,5.0,5.0,4.0,5.0,4.5,,MHSC,0.26666666666666666
11,D,8.0,Ambroise Oyongo,25.0,1.0,2 / (-1),4.865384615384615,,5.5,5.5,7.0,4.5,5.5,,7.0,4.0,,6.0,5.5,,4.5,4.0,,2.5,4.5,5.0,4.5,,,,,4.5,,4.5,4.5,4.5,,,5.0,5.0,3.5,4.5,5.0,5.0,5.0,MHSC,0.8911538461538463
12,D,7.0,Ristic Mihailo,3.0,7.0,1,4.9,,,,,,,,,,,,,,,,,,,,,,5.0,5.0,4.0,4.5,,,,5.0,6.0,4.0,,,,,5.5,5.0,5.0,MHSC,0.3777777777777777
13,M,10.0,Lasne Paul,18.0,17.0,2,5.1,5.0,4.5,5.5,5.0,5.5,5.0,6.5,5.0,5.0,5.0,5.0,8.0,5.0,4.0,,,5.0,4.5,5.0,5.0,5.0,6.0,5.0,4.5,5.5,3.0,7.0,5.0,4.5,5.0,5.0,5.0,5.0,4.5,4.5,4.5,,6.0,MHSC,0.7176470588235295
14,M,22.0,Skhiri Ellyes,35.0,2.0,3,5.594594594594595,4.5,7.0,5.5,5.5,5.5,6.5,5.0,7.0,5.5,5.5,5.5,6.0,5.0,4.5,5.0,5.5,4.5,4.5,5.5,6.0,5.5,7.0,5.0,4.5,5.5,4.5,5.0,7.0,4.0,6.0,5.0,7.0,6.0,7.5,6.0,6.0,6.0,,MHSC,0.7616366366366365
15,M,4.0,Dolly Keagan,2.0,1.0,,4.166666666666667,3.5,,,4.5,4.5,,,,,,,,,,,,,,,,,,,,,,,,,,,,,,,,,,MHSC,0.33333333333333337
16,M,5.0,Píriz Facundo,,7.0,,4.916666666666667,,,,,5.0,,,,,5.0,,,4.5,,5.0,,,,,,,,,,4.5,,,,5.5,,,,,,,,,,MHSC,0.1416666666666667
17,M,7.0,Junior Sambia,8.0,22.0,,4.85,5.0,4.5,5.0,5.5,5.0,5.5,4.0,5.0,,5.0,5.5,5.0,5.0,5.0,4.5,4.5,5.0,4.5,4.5,4.5,5.0,4.5,5.5,4.5,4.5,,,4.5,,,,,4.5,5.0,,4.5,5.5,5.0,MHSC,0.15775862068965515
18,M,22.0,Mollet Florent,31.0,1.0,6,5.5625,,6.0,6.0,5.5,,,5.5,8.0,3.5,,7.0,6.5,5.0,5.5,6.0,5.0,6.0,5.0,4.5,5.0,4.5,5.0,4.5,,5.5,4.5,5.5,5.5,6.5,5.0,4.0,5.0,7.0,6.5,6.5,5.5,7.0,,MHSC,0.9637096774193549
19,M,1.0,Ammour Yannis,,2.0,,5.0,,,,,,,,,,5.0,,,,,,,,,,,,,,,,,,,,,,,,,,,,,MHSC,
20,M,1.0,Boutobba Bilal,,2.0,,4.75,,,,,,,,,,,,,,,,,,,,,,,,,,5.0,,4.5,,,,,,,,,,,MHSC,0.125
21,M,1.0,Sanson Killian,,,,,,,,,,,,,,,,,,,,,,,,,,,,,,,,,,,,,,,,,,,MHSC,
22,A,16.0,Camara Souleymane,,12.0,3,5.0,5.0,4.0,,,4.5,,,,,,,,,,,4.5,,,,4.5,,,,,,,,,6.0,5.0,5.0,6.5,,6.5,4.5,,,4.0,MHSC,0.7727272727272727
23,A,,Sio Giovanni,1.0,,,4.0,4.0,,,,,,,,,,,,,,,,,,,,,,,,,,,,,,,,,,,,,,MHSC,
24,A,20.0,Laborde Gaetan,34.0,2.0,11,5.180555555555555,,4.5,5.0,5.5,4.0,6.0,4.0,6.5,5.0,7.0,7.0,8.0,4.0,5.5,7.0,3.5,3.0,2.0,4.5,,4.5,7.0,6.0,6.5,5.0,6.5,5.0,5.5,4.0,5.0,4.0,5.0,6.0,5.0,4.5,7.0,4.5,3.5,MHSC,1.7736111111111112
25,A,9.0,Skuletic Petar,3.0,25.0,1,4.589285714285714,,,4.5,,,4.5,5.0,4.5,5.0,4.5,4.5,,4.5,4.5,6.5,4.0,4.0,3.0,4.5,5.5,4.5,4.5,5.0,5.0,4.0,5.0,5.0,4.5,,4.0,4.5,,,,4.5,,4.5,4.5,MHSC,0.3528439153439153
26,A,30.0,Delort Andy,36.0,,14,5.527777777777778,6.0,5.0,5.0,5.0,5.0,4.0,6.5,6.0,6.5,6.0,7.0,5.5,4.0,7.5,6.5,4.0,,5.0,4.0,6.0,5.0,6.0,5.5,5.5,,5.5,5.5,6.5,6.0,6.0,4.0,5.5,8.0,6.0,4.5,5.0,5.0,5.0,MHSC,0.9420634920634923
0,G,18.0,Reynet Baptiste,31.0,,(-1),5.419354838709677,5.0,6.5,5.5,6.5,5.0,6.5,3.5,8.0,4.5,4.0,4.0,5.0,5.0,5.0,3.0,,5.0,6.5,6.0,3.5,8.0,7.5,4.5,5.0,4.5,6.0,4.5,,,6.0,6.0,5.0,7.0,6.0,,,,,TFC,1.618279569892473
1,G,7.0,Goicoechea Mauro,7.0,1.0,,5.375,,,,,,,,,,,,,,,6.0,8.0,,,,,,,,,,,,5.5,4.0,,,,,,4.5,6.0,3.5,5.5,TFC,1.9821428571428572
2,D,10.0,Amian Kelvin,32.0,,,4.796875,3.0,5.5,5.5,6.0,5.0,5.0,3.0,6.0,,,3.0,5.0,5.0,5.5,5.5,6.0,4.0,3.5,4.0,4.5,8.0,,,,5.0,5.0,3.5,5.5,6.0,4.5,5.5,4.0,5.0,4.0,4.5,5.0,3.0,,TFC,1.2396673387096775
3,D,16.0,Jullien Christopher,34.0,,1,5.014705882352941,3.5,6.0,6.0,6.0,5.5,5.5,3.0,6.0,5.5,2.0,3.5,6.0,6.0,5.0,4.0,,4.5,,6.0,4.0,6.0,4.0,6.0,6.0,,5.0,3.0,6.0,6.0,5.5,7.0,4.0,6.0,,5.0,6.0,3.0,4.0,TFC,1.5073529411764706
4,D,10.0,Sylla Issiaga,23.0,1.0,2,4.75,,,,6.0,,,,,5.0,,3.5,,,5.0,,7.0,,4.0,5.0,5.0,5.0,5.5,3.0,5.0,,4.5,2.5,5.0,3.5,5.5,7.5,4.5,4.0,4.5,4.5,5.0,4.0,,TFC,1.2608695652173914
5,D,,Michelin Clement,1.0,,,4.0,4.0,,,,,,,,,,,,,,,,,,,,,,,,,,,,,,,,,,,,,,TFC,
6,D,,Fortes Steven,1.0,2.0,,5.166666666666667,,5.0,,5.5,5.0,,,,,,,,,,,,,,,,,,,,,,,,,,,,,,,,,,TFC,0.08333333333333333
7,D,7.0,Moreira Steven,10.0,,,4.05,,,,,,,,,4.5,2.5,,,4.0,5.0,5.0,,3.0,,,4.0,,5.0,,,4.0,,,,,,,,,,,,,3.5,TFC,0.7472222222222222
8,D,8.0,Diakite Bafode,7.0,2.0,1,4.777777777777778,,,,,,,,,,,,,,,,5.0,5.0,3.5,5.0,,5.5,,3.5,5.0,4.5,,,,,,,,,,,,,6.0,TFC,0.6944444444444444
9,D,12.0,Shoji Gen,18.0,,,4.833333333333333,,,,,,,,,,,,,,,,,,,,,5.5,5.5,4.5,4.0,4.5,6.0,3.0,5.5,5.0,5.0,6.0,4.0,5.5,4.5,6.0,5.5,3.0,4.0,TFC,0.9117647058823528
10,D,8.0,Moubandje François,21.0,1.0,,4.75,4.0,6.0,6.0,,5.0,5.5,4.0,5.0,4.5,2.5,3.5,5.0,4.5,5.5,5.0,5.5,5.0,4.5,5.0,4.0,,,,,,,,,4.5,,,,6.0,4.0,,,,,TFC,0.7559523809523809
11,M,,Bodiger Yann,,1.0,,4.5,,,,,,,,,,4.5,,,,,,,,,,,,,,,,,,,,,,,,,,,,,TFC,
12,M,14.0,Sangaré Ibrahim,27.0,1.0,1,5.375,5.0,6.0,6.0,7.5,6.0,5.5,5.0,6.0,6.0,,,,,,,,5.0,,,5.0,6.0,5.0,5.0,4.5,6.0,4.5,4.0,5.0,7.0,5.0,7.0,6.0,6.0,4.5,4.5,,3.5,4.0,TFC,0.9189814814814815
13,M,12.0,Cahuzac Yannick,15.0,8.0,1,4.978260869565218,,,,5.5,,,,,5.0,4.0,5.0,5.5,5.0,,6.0,5.0,5.5,4.5,5.0,,5.5,5.5,,6.0,7.0,4.5,2.0,,,5.0,5.0,5.0,,3.5,,5.0,4.5,,TFC,0.9199604743083006
14,M,8.0,Manu Garcia,21.0,10.0,,4.774193548387097,3.0,5.0,5.0,7.0,4.5,5.5,5.0,5.0,6.0,3.0,3.5,5.0,4.0,4.0,5.5,5.0,,,5.0,4.5,,5.5,4.5,5.0,3.5,5.0,,7.0,4.5,4.5,5.0,4.5,4.5,4.5,,,4.5,,TFC,0.8306451612903224
15,M,7.0,Bostock John,10.0,6.0,,4.71875,3.5,5.0,6.0,,4.5,6.0,4.5,5.0,,,4.5,4.5,,5.0,,,,,,3.5,,,5.0,,,,,,,,5.0,,,,5.0,4.5,4.0,,TFC,0.49895833333333334
16,M,12.0,Dossevi Mathieu,30.0,5.0,4,4.957142857142857,3.5,7.0,5.0,6.0,4.0,5.0,4.5,5.0,6.5,3.0,5.0,5.0,5.5,4.5,6.0,5.0,4.5,4.5,4.5,5.5,6.5,5.5,5.0,4.5,,4.0,5.0,5.5,4.5,,,4.0,5.0,5.0,7.0,5.0,3.5,4.0,TFC,0.873109243697479
17,M,,Todibo Jean-Clair,10.0,,1,4.9,,5.0,7.0,3.5,,6.0,3.5,6.0,5.5,2.5,4.0,6.0,,,,,,,,,,,,,,,,,,,,,,,,,,,TFC,2.0999999999999996
18,M,10.0,Sidibe Kalidou,18.0,2.0,1,4.85,,,,,,,,,,,,4.5,3.5,6.0,5.0,5.5,5.5,4.5,5.0,,4.5,,,,,,4.5,5.5,6.0,5.5,5.5,5.5,4.5,4.0,3.5,4.5,,4.0,TFC,0.5815789473684212
19,M,1.0,Kone Kouadio,1.0,,,3.5,,,,,,,,,,,,,,,,,,,,,,,,,,,,,,,,,,,,,,3.5,TFC,
20,M,1.0,N'Goumou Minpol Nathan,1.0,,,4.0,,,,,,,,,,,,,,,,,,,,,,,,,,,,,,,,,,,,,,4.0,TFC,
21,M,,Mbia Stéphane,5.0,,,4.7,,,,,,,,,,3.5,4.0,,,,,6.0,,4.0,6.0,,,,,,,,,,,,,,,,,,,,TFC,1.45
22,M,12.0,Durmaz Jimmy,21.0,15.0,4,4.791666666666667,,5.0,4.5,5.5,5.0,4.0,6.5,4.5,4.5,4.5,3.5,4.5,5.0,4.5,6.0,5.5,7.0,4.5,3.0,4.0,,5.0,4.0,5.0,5.5,4.0,4.5,4.5,5.0,4.5,5.5,3.5,4.5,4.5,7.0,5.0,4.0,5.0,TFC,0.7767857142857143
23,A,7.0,Jean Corentin,6.0,13.0,,4.473684210526316,4.0,5.0,4.0,,,,,4.5,4.5,3.0,4.0,4.0,,,,5.5,4.0,4.5,6.0,,4.5,,4.5,5.0,5.5,4.5,3.5,4.5,,,,,,,,,,,TFC,0.513157894736842
24,A,16.0,Gradel Max,36.0,,11,5.277777777777778,4.0,6.0,7.0,7.5,6.0,5.5,6.0,6.0,3.5,3.0,4.0,7.5,5.0,5.5,7.5,5.5,,5.5,7.0,5.5,6.0,4.0,4.5,5.5,5.0,6.0,3.0,6.0,5.0,4.0,5.5,3.5,4.0,3.5,5.5,5.0,6.5,,TFC,1.5777777777777777
25,A,1.0,El Mokeddem Hakim,,2.0,,4.5,,,,,4.0,,5.0,,,,,,,,,,,,,,,,,,,,,,,,,,,,,,,,TFC,0.5
26,A,9.0,Mubele Firmin,4.0,11.0,1,4.533333333333333,,,,,,4.0,5.0,4.5,4.5,4.0,,,4.5,5.0,5.0,,4.0,3.0,,,,,,,4.5,,,,6.5,4.5,,,,,,,4.5,4.5,TFC,0.5523809523809524
27,A,9.0,Leya Iseka,15.0,13.0,4,4.446428571428571,2.5,6.5,4.0,5.0,6.5,5.0,3.5,2.5,,,,4.0,4.0,4.0,6.0,3.5,4.5,,,4.0,4.5,4.5,4.5,4.0,5.0,,,,,4.5,4.5,4.5,4.5,,4.5,4.5,5.5,4.0,TFC,0.8766534391534392
28,A,11.0,Sanogo Yaya,14.0,7.0,3,4.690476190476191,4.0,,5.0,4.0,4.0,,,,,,,,,,,,,4.5,,5.0,7.0,4.0,,4.5,5.0,4.5,4.5,7.0,6.0,3.5,5.5,3.0,,4.5,4.5,4.0,,4.5,TFC,1.0119047619047619
0,G,6.0,Diallo Abdoulaye,6.0,,,5.833333333333333,,,,,,,,5.0,5.0,5.5,5.0,,,,,8.0,6.5,,,,,,,,,,,,,,,,,,,,,,SRFC,1.4666666666666666
1,G,16.0,Koubek Tomas,32.0,1.0,,5.303030303030303,4.0,5.0,5.0,6.0,5.0,4.0,4.5,,,,4.5,5.5,5.0,3.5,5.0,,,4.0,6.5,6.0,6.5,3.5,6.0,7.0,5.0,5.0,5.0,5.0,5.5,5.5,5.0,6.0,5.0,5.0,4.5,8.0,7.0,7.0,SRFC,1.1084280303030303
2,G,1.0,Gertmonas Edvinas,,,,,,,,,,,,,,,,,,,,,,,,,,,,,,,,,,,,,,,,,,,SRFC,
3,D,2.0,Danzé Romain,,,,,,,,,,,,,,,,,,,,,,,,,,,,,,,,,,,,,,,,,,,SRFC,
4,D,15.0,Mexer,29.0,,,5.293103448275862,4.0,6.0,4.5,6.0,5.0,4.0,4.0,5.5,5.5,,,5.5,,4.5,3.0,7.5,,4.5,7.0,6.0,5.5,,6.0,6.0,,5.5,4.5,5.5,4.5,5.0,4.5,5.0,,6.0,,,6.0,7.0,SRFC,1.0270935960591132
5,D,12.0,Traoré Hamari,33.0,1.0,,4.882352941176471,3.0,5.0,4.5,7.0,,4.0,4.5,5.0,5.0,5.5,4.5,5.0,4.0,5.0,4.5,6.0,6.5,4.0,5.5,5.5,5.5,4.0,,6.5,4.0,4.5,3.0,5.5,5.0,,4.5,5.5,3.5,4.0,5.0,,6.0,5.5,SRFC,0.8948306595365418
6,D,2.0,Baal Ludovic,1.0,1.0,,4.5,4.0,,,,,,,,,,,,,,,,,,,,,,,,,,,,,,,,,,,,,5.0,SRFC,0.5
7,D,11.0,Zeffane Mehdi,14.0,6.0,1,4.9,,,,5.0,3.5,,4.5,,5.0,5.0,,5.0,5.0,,,5.0,6.0,4.5,,,,3.0,7.0,5.5,4.5,5.0,,5.0,,5.0,4.5,,,5.0,,5.0,,,SRFC,0.6473684210526315
8,D,10.0,Bensebaini Ramy,24.0,1.0,1 / (-1),4.96,,5.0,4.0,7.0,5.0,4.5,4.0,5.0,5.0,5.5,3.5,,5.0,4.5,3.5,6.5,,4.5,6.0,6.5,,,,,3.5,5.0,,5.0,5.0,,,,,5.0,6.0,4.5,,5.0,SRFC,0.8525
9,D,7.0,Nyamsi Gerzino,6.0,2.0,,4.25,,,,,,,,,,,,,,,,,,,,,5.0,,5.0,,,,2.5,,,5.0,4.0,,3.0,,5.0,4.5,,,SRFC,1.0
10,D,16.0,Da Silva Damien,32.0,2.0,2,5.294117647058823,,5.0,5.0,,4.5,5.0,4.0,5.0,7.0,6.0,4.5,6.0,5.5,4.0,2.0,7.0,6.0,4.0,6.5,8.0,5.0,3.5,6.5,7.0,3.5,5.0,,5.5,6.0,6.0,,6.0,5.0,4.5,4.5,5.0,6.5,5.5,SRFC,1.4866310160427807
11,D,7.0,Doumbia Souleyman,7.0,,,4.785714285714286,,,,,,,,,,,,,,,,,,,,,,,5.5,,,,4.5,,,4.5,3.5,5.0,4.0,,,,6.5,,SRFC,0.9880952380952381
12,D,,Boey Sacha,,1.0,,5.0,,,,,,,,,,,,,,,,,,,,,,,,,,,,,,,,,,,5.0,,,,SRFC,
13,D,8.0,Gelin Jeremy,12.0,9.0,,4.785714285714286,3.0,5.5,5.5,6.0,4.0,,4.0,,,5.0,4.0,,,,,,5.5,,,,,4.0,5.0,5.0,4.5,5.0,4.5,5.0,,,5.5,,,5.0,,4.5,5.0,5.0,SRFC,0.4892857142857142
14,M,16.0,Hunou Adrien,14.0,5.0,8,5.2105263157894735,,,,,,,,,,,,7.0,4.0,4.5,3.0,,,,,,,5.0,4.5,7.5,4.5,5.0,6.0,6.0,4.5,3.5,,4.5,6.0,7.5,5.0,,6.0,5.0,SRFC,1.564327485380117
15,M,11.0,André Benjamin,28.0,2.0,3,5.283333333333333,4.5,6.0,4.5,8.0,4.5,5.5,5.0,5.5,5.0,7.0,3.5,5.0,4.5,5.5,4.5,7.0,4.5,4.5,7.5,5.0,6.0,4.5,5.0,,5.0,6.0,3.5,,5.5,5.5,5.5,,5.0,,,,,,SRFC,1.0979885057471266
16,M,16.0,Bourigeaud Benjamin,28.0,6.0,6,5.073529411764706,5.0,3.5,6.0,6.5,3.5,5.5,4.5,5.0,5.0,5.0,3.5,4.5,,6.0,3.0,5.5,6.0,,8.0,5.5,5.0,4.0,5.5,6.5,3.5,4.5,4.0,6.5,4.5,,5.0,4.5,5.5,4.0,5.5,5.5,7.0,,SRFC,1.2595811051693409
17,M,1.0,Janvier Nicolas,,1.0,,5.0,,,,,,,,,,,,5.0,,,,,,,,,,,,,,,,,,,,,,,,,,,SRFC,
18,M,7.0,Lea Siliki James Edward,14.0,10.0,,5.0,5.0,5.5,4.5,5.5,4.0,5.0,,6.0,,,4.5,,,5.5,5.0,,4.5,3.5,5.5,5.0,6.0,5.0,,,,,,5.0,5.0,6.0,,,,5.0,4.5,4.0,5.5,5.0,SRFC,0.41304347826086957
19,M,12.0,Grenier Clément,29.0,4.0,2,5.166666666666667,4.5,5.0,4.5,7.0,4.0,6.0,6.0,6.0,6.0,4.5,4.0,5.5,3.0,5.5,3.5,6.5,6.0,,7.0,5.0,5.0,3.5,6.0,6.5,4.5,5.0,,4.5,4.5,,,4.5,6.0,,4.0,6.0,5.5,5.5,SRFC,1.0572916666666667
20,M,16.0,Ben Arfa Hatem,23.0,3.0,7,5.211538461538462,,,,,,5.0,4.5,5.0,8.0,4.5,3.5,,4.5,6.0,,7.0,6.5,3.5,6.5,6.0,6.0,3.5,4.5,6.5,4.5,,5.0,5.0,,4.0,7.0,6.0,4.5,4.0,,4.5,,,SRFC,1.4834615384615384
21,M,,Poha Denis,,2.0,,4.75,5.0,4.5,,,,,,,,,,,,,,,,,,,,,,,,,,,,,,,,,,,,,SRFC,0.125
22,M,7.0,Johansson Jakob,7.0,9.0,1,5.125,,,,,,,,,5.0,5.5,,6.0,6.5,5.0,4.0,,4.5,4.5,5.0,4.5,,,,,,,,,,,,5.5,4.5,6.0,5.0,5.0,5.5,,SRFC,0.45
23,M,11.0,Camavinga Eduardo,4.0,2.0,,5.571428571428571,,,,,,,,,,,,,,,,,,,,,,,,,,,5.5,,,,5.0,5.0,,6.0,5.5,,6.0,6.0,SRFC,0.20238095238095236
24,M,8.0,Del Castillo Romain,15.0,14.0,,4.810344827586207,4.5,5.0,5.0,5.5,4.0,5.0,,5.0,5.0,5.0,3.5,7.5,5.0,4.0,3.0,5.0,,5.0,5.0,,,,,4.5,4.0,5.0,4.0,,5.0,5.0,5.0,5.0,5.0,5.5,,5.0,,4.5,SRFC,0.5966748768472908
25,A,7.0,Siebatcheu Jordan,7.0,8.0,3,4.866666666666666,,,4.5,5.0,5.0,5.0,4.5,4.5,,,,4.5,4.5,,4.5,6.0,4.5,3.5,8.0,,4.5,,,4.5,,,,,,,,,,,,,,,SRFC,1.0166666666666668
26,A,20.0,Ismaila Sarr,32.0,3.0,8,5.4,4.0,6.5,7.0,5.5,4.5,5.0,5.0,4.5,5.0,6.0,5.0,6.5,6.0,5.5,4.5,7.0,6.0,4.5,6.5,4.5,5.0,3.0,6.0,6.0,,4.5,,7.0,5.0,4.5,4.5,5.0,3.5,,6.0,7.0,6.0,7.0,SRFC,1.1147058823529414
27,A,25.0,Niang M'Baye,19.0,10.0,11,5.431034482758621,,,,5.0,4.0,5.0,5.0,6.0,5.0,4.5,5.0,,4.5,,,4.5,5.0,6.5,,4.0,4.0,6.0,6.0,7.0,4.5,4.5,,6.0,6.5,5.0,7.0,5.0,6.0,,7.0,6.0,5.0,8.0,SRFC,1.0843596059113303
28,A,4.0,Lauriente Armand,,1.0,,4.5,,,,,,,,,,,,,,,,,,,,,,,,,4.5,,,,,,,,,,,,,,SRFC,
29,A,,Sakho Diafra,2.0,,,4.0,3.5,4.5,,,,,,,,,,,,,,,,,,,,,,,,,,,,,,,,,,,,,SRFC,0.5
0,G,14.0,Dupé Maxime,10.0,1.0,,4.909090909090909,,,,,,,,,,,,,,,3.0,5.0,,,,,,5.0,,,,,,5.5,5.0,4.0,,,5.0,4.0,6.5,6.0,5.0,,FCN,0.9409090909090908
1,G,10.0,Tatarusanu Ciprian,27.0,,,5.62962962962963,5.0,5.5,5.0,5.5,6.0,6.0,5.5,8.0,5.0,6.0,6.0,5.0,7.0,4.5,5.0,,5.0,6.0,5.5,4.5,5.0,,6.0,3.0,6.0,6.0,6.0,,,,8.0,6.0,,,,,,,FCN,1.0306267806267806
2,G,1.0,Olliero Alexandre,1.0,,,5.0,,,,,,,,,,,,,,,,,,,,,,,,,,,,,,,,,,,,,,5.0,FCN,
3,D,,Djidji Koffi,1.0,,,3.0,3.0,,,,,,,,,,,,,,,,,,,,,,,,,,,,,,,,,,,,,,FCN,
4,D,9.0,Kwateng Enock,22.0,8.0,,4.883333333333334,3.0,3.5,5.0,5.0,5.5,4.5,3.5,5.0,,7.5,5.5,6.0,4.0,,4.0,5.0,5.0,6.0,4.5,,5.0,5.5,5.5,,4.0,4.5,5.0,5.0,5.0,,4.5,5.0,5.5,,,,4.5,5.0,FCN,0.7531609195402298
5,D,1.0,Walongwa Anthony,1.0,,,5.5,,,,,,,,,,,,,,,,,,,,,,,,,,,,,,,,,,,,,,5.5,FCN,
6,D,15.0,Diego Carlos,35.0,,2.0,5.228571428571429,3.5,3.5,5.5,6.0,4.5,4.0,,,4.0,6.5,6.0,6.0,5.0,5.0,4.0,5.0,4.5,7.0,5.5,5.5,4.5,4.5,7.5,3.0,5.0,5.5,6.0,7.5,4.5,4.5,5.0,5.0,5.5,7.0,6.0,5.5,5.5,,FCN,1.1962184873949582
7,D,9.0,Lucas Lima,28.0,3.0,,4.758064516129032,4.5,3.5,4.5,5.5,5.0,4.5,3.0,5.0,4.5,7.0,6.5,5.0,5.0,5.5,3.0,7.0,4.5,4.5,5.0,4.0,4.0,,,3.0,4.5,,,,4.0,4.0,,5.0,5.0,,6.0,5.0,5.5,4.5,FCN,1.014516129032258
8,D,,Miazga Matt,8.0,,,4.5,,4.0,5.0,5.5,6.0,4.5,4.5,4.0,2.5,,,,,,,,,,,,,,,,,,,,,,,,,,,,,,FCN,1.1428571428571428
9,D,,Kara Mbodji Serigne Modou,6.0,,,5.333333333333333,,,,,,,5.0,5.5,,6.0,5.5,,,,,,,5.0,5.0,,,,,,,,,,,,,,,,,,,,FCN,0.16666666666666669
10,D,10.0,Fabio,15.0,5.0,,4.825,,,,,,,,5.0,4.5,,5.0,,5.0,5.5,4.0,5.0,,,5.0,4.5,,4.0,5.0,3.5,,,,6.0,4.0,5.0,,5.0,,5.0,6.0,4.5,5.0,,FCN,0.4019736842105262
11,D,9.0,Charles Traoré,13.0,,,5.076923076923077,,,,,,,,,,,,,,,,,,,,,6.0,6.5,5.5,,4.5,6.0,5.0,4.5,4.5,,5.0,5.0,,5.0,,3.5,5.0,,FCN,0.6185897435897436
12,D,7.0,Edgar Ié,9.0,,,4.722222222222222,,,,,,,,,,,,,,,,,,,,,,,7.0,,4.5,4.5,5.0,4.5,,4.0,3.5,,4.5,5.0,,,,,FCN,0.9444444444444445
13,D,8.0,Basila Thomas,1.0,1.0,,5.25,,,,,,,,,,,,,,,,,,,,,,,,,,,,,,,,5.5,,,5.0,,,,FCN,0.125
14,D,15.0,Pallois Nicolas,24.0,,2.0,5.145833333333333,,,,,,,,,,,,5.5,5.0,4.0,3.0,5.5,5.0,7.5,4.5,4.0,4.5,,6.5,4.0,,7.0,5.0,6.0,5.5,4.0,5.5,,4.0,5.5,7.0,5.5,5.0,4.5,FCN,1.2278079710144927
15,M,16.0,Touré Abdoulaye,30.0,4.0,3.0,5.397058823529412,4.5,3.5,,5.5,,,,6.0,5.5,7.5,7.0,7.0,5.5,5.0,4.0,7.5,5.0,5.5,5.5,5.5,4.5,6.0,5.5,4.0,4.0,5.0,5.0,5.0,4.5,5.0,6.0,6.0,5.0,5.0,7.5,5.0,5.0,5.5,FCN,1.0118092691622105
16,M,23.0,Rongier Valentin,36.0,,4.0,5.527777777777778,4.5,3.5,5.0,5.0,5.0,5.0,5.5,6.0,4.0,6.5,5.0,7.0,4.5,,,5.0,5.5,6.5,4.5,6.0,4.5,5.0,7.0,6.0,4.5,7.5,3.5,7.0,5.0,5.0,5.5,5.5,7.0,6.0,7.5,6.0,5.5,7.0,FCN,1.1420634920634918
17,M,14.0,Moutoussamy Samuel,19.0,9.0,2.0,4.928571428571429,4.0,4.0,5.0,4.5,4.5,4.5,5.0,,3.5,5.0,,,,6.0,4.0,5.0,5.0,4.5,,5.0,,4.5,,,,5.0,4.0,5.5,,5.0,5.0,4.5,6.0,7.0,7.0,6.0,4.5,4.5,FCN,0.716931216931217
18,M,12.0,Andrei Girotto,18.0,2.0,2.0,5.375,,,,,,,,,,7.0,5.5,8.0,4.0,5.5,,5.5,,5.0,5.5,4.0,5.0,5.5,3.5,5.0,,,5.5,,5.0,,3.5,,,7.5,5.0,6.0,6.0,,FCN,1.3914473684210527
19,M,7.0,Krhin Rene,12.0,4.0,,5.21875,,5.0,5.0,5.5,6.0,4.5,6.0,5.5,4.5,,,5.0,,,,,5.0,,5.5,,,4.5,5.0,,5.0,6.5,5.0,,,,,,,,,,,,FCN,0.33229166666666665
20,M,4.0,Kayembe Joris,,,,,,,,,,,,,,,,,,,,,,,,,,,,,,,,,,,,,,,,,,,FCN,
21,M,3.0,Dabo Abdoulaye,2.0,,,4.0,3.5,,4.5,,,,,,,,,,,,,,,,,,,,,,,,,,,,,,,,,,,,FCN,0.5
22,M,11.0,Boschilia Gabriel,14.0,15.0,4.0,5.051724137931035,,4.5,5.0,5.0,5.0,5.0,5.5,7.0,3.5,8.0,7.0,6.5,5.0,5.0,4.0,6.5,4.0,,5.0,4.5,4.5,5.5,,4.0,,4.5,,,4.0,4.5,5.0,5.0,,4.5,4.5,4.5,,,FCN,1.0775862068965518
23,M,6.0,Lucas Evangelista,9.0,5.0,1.0,4.785714285714286,4.0,3.5,5.0,7.0,5.5,4.5,4.5,6.0,,,,,5.0,5.0,3.5,,,,,,,,,,,,,,,4.0,,,4.5,,,5.0,,,FCN,0.912087912087912
24,M,,Alexis Alegue,,1.0,,5.0,5.0,,,,,,,,,,,,,,,,,,,,,,,,,,,,,,,,,,,,,,FCN,
25,M,14.0,Limbombe Anthony,12.0,17.0,1.0,5.189655172413793,,,,5.0,5.0,5.0,5.0,5.0,4.5,6.5,5.0,6.0,5.0,5.0,,5.0,5.0,5.0,,5.0,4.5,,,5.0,5.0,5.0,,5.0,5.0,4.5,5.0,7.0,6.0,5.0,5.5,6.0,5.0,,FCN,0.32881773399014774
26,M,1.0,Louza Imran,1.0,,,4.5,,,,,,,,,,,,,,,,,,,,,,,,,,,,,,,,,,,,,,4.5,FCN,
27,M,8.0,Eysseric Valentin,3.0,2.0,1.0,4.8,,,,,,,,,,,,,,,,,,,,,,,6.0,4.5,4.0,,5.0,,,4.5,,,,,,,,,FCN,0.575
28,M,4.0,Kolo Muani Randal,1.0,5.0,,4.333333333333333,,,,,,,,,,,,,,,4.0,,,,,,3.0,,,,,,,5.0,,,4.5,,5.0,,,,,4.5,FCN,0.5666666666666667
29,A,,Sala Emiliano,16.0,3.0,12.0,5.394736842105263,6.5,3.5,6.0,6.0,4.5,4.0,6.0,,3.0,8.5,6.5,7.5,6.5,5.5,3.0,6.5,4.5,5.5,5.0,4.0,,,,,,,,,,,,,,,,,,,FCN,2.266081871345029
30,A,8.0,Mance Antonio,,5.0,,4.4,,,,,,,,,,,,,,,,,,,,,,,,4.5,4.0,,4.5,,4.5,,,,,,,,,4.5,FCN,0.049999999999999996
31,A,1.0,Youan Thody Elie,,1.0,,4.5,,,,,,,,,,,,,,,,,,,,,,,,,,,,,,,,,,,,,,4.5,FCN,
32,A,22.0,Kalifa Coulibaly,19.0,13.0,8.0,4.703125,3.5,4.0,4.0,,4.5,6.0,4.0,4.5,4.0,4.5,4.0,4.5,,4.5,,4.5,2.5,4.5,,4.5,,5.5,5.0,6.0,4.0,4.5,4.0,4.0,4.0,6.0,,6.0,8.0,5.5,6.0,4.0,6.0,4.0,FCN,1.1106350806451613
33,A,12.0,Majeed Waris,25.0,8.0,5.0,5.0,4.5,4.5,5.0,5.0,4.5,4.0,5.5,4.5,3.5,4.5,4.5,4.5,5.0,6.0,3.5,,4.0,6.5,4.5,5.0,4.5,7.0,6.0,5.0,5.0,5.0,,7.0,,,5.0,6.5,6.5,4.5,5.5,,4.5,4.0,FCN,0.859375
0,G,9.0,Benaglio Diego,22.0,1.0,,5.173913043478261,5.5,6.5,6.5,4.0,6.0,5.0,5.0,5.0,,,4.5,5.5,4.5,6.0,4.5,6.5,6.0,6.0,4.5,4.0,3.0,,,,,,,,,,,,4.0,,,5.5,6.0,5.0,ASM,0.9001976284584979
1,G,7.0,Subasic Danijel,14.0,,,5.428571428571429,,,,,,,,,3.5,,,,,,,,,,,,,5.5,5.0,5.0,6.0,8.0,5.0,6.0,6.5,5.0,5.0,5.5,5.0,,5.0,,,,ASM,1.032967032967033
2,G,11.0,Sy Seydou,2.0,1.0,,3.8333333333333335,,,,,,,,,,4.0,,,,,,,,,,,,,,,,,,,,,,,,4.5,3.0,,,,ASM,0.5833333333333333
3,D,6.0,Raggi Andrea,6.0,,,4.75,,,,,,5.0,,4.5,3.5,,,,,,5.0,6.0,,4.5,,,,,,,,,,,,,,,,,,,,,ASM,0.675
4,D,9.0,Jemerson,25.0,,,5.08,5.5,6.0,4.5,4.0,5.0,,6.0,,3.5,,4.5,5.5,4.5,6.0,4.5,,5.5,3.5,,,,,5.0,6.0,,,,6.0,6.0,,4.5,6.0,4.0,4.0,6.0,5.5,5.5,,ASM,0.7433333333333333
5,D,,Touré Almamy,4.0,,,4.625,,5.0,4.5,,,,,,,5.0,,4.0,,,,,,,,,,,,,,,,,,,,,,,,,,,ASM,0.22916666666666666
6,D,5.0,Serrano Julien,1.0,2.0,,5.0,5.0,,,,,,,,,,,,,,,,5.0,,,5.0,,,,,,,,,,,,,,,,,,,ASM,0.0
7,D,9.0,Sidibe Djibril,22.0,4.0,,4.5576923076923075,,,5.0,4.0,5.0,,4.5,5.0,4.5,3.5,,,3.0,,,,4.5,,,,4.0,3.5,5.0,5.5,5.5,5.0,4.5,5.0,5.0,4.5,4.5,4.5,,5.5,3.0,4.5,6.0,4.0,ASM,0.5665384615384615
8,D,12.0,Glik Kamil,33.0,,1,4.863636363636363,5.5,5.5,4.5,3.5,5.0,5.0,5.5,5.0,4.0,4.5,5.5,4.0,,,,6.5,4.5,4.0,3.0,6.0,3.5,4.0,6.0,4.0,6.0,5.0,4.0,,6.0,5.0,5.0,6.0,4.0,,3.5,5.5,7.0,4.5,ASM,0.9573863636363636
9,D,5.0,Pierre Gabriel Ronael,4.0,,,5.375,5.0,,,,,,,,,,,,,6.0,5.0,5.5,,,,,,,,,,,,,,,,,,,,,,,ASM,0.22916666666666666
10,D,,Barreca Antonio,7.0,,,4.714285714285714,4.5,5.0,5.0,4.0,,5.0,,4.0,,,5.5,,,,,,,,,,,,,,,,,,,,,,,,,,,,ASM,0.32142857142857145
11,D,6.0,N'Doram Kevin,2.0,2.0,,4.5,,,,,5.0,5.0,,3.0,,,,,,,,,,,,,,,,,,,,,,,,,,5.0,,,,,ASM,1.0
12,D,10.0,Badiashile Benoît,20.0,,1 / (-1),4.75,,,,,,,,,,,,,3.5,6.0,3.5,7.0,5.0,5.0,4.0,5.5,2.5,4.5,5.5,6.0,6.0,6.0,3.5,5.5,,4.5,,,3.5,4.0,,,,4.0,ASM,1.381578947368421
13,D,1.0,Biancone Giulian,1.0,,,4.0,,,,,,,,,,,,,,,,,,,4.0,,,,,,,,,,,,,,,,,,,,ASM,
14,D,8.0,Naldo,5.0,2.0,,4.5,,,,,,,,,,,,,,,,,,,,5.5,3.5,4.0,,,,,,,,,,,,5.0,4.5,4.0,5.0,,ASM,0.5
15,D,11.0,Ballo-Toure Fode,18.0,,(-1),4.916666666666667,,,,,,,,,,,,,,,,,,,,5.5,3.5,4.0,4.5,5.0,5.5,5.5,5.0,6.0,6.0,,5.0,5.5,3.5,5.0,3.5,4.5,6.0,5.0,ASM,0.7132352941176471
16,D,8.0,Henrichs Benjamin,21.0,1.0,1,4.681818181818182,,,,3.0,5.5,,5.0,5.5,4.0,4.5,5.5,4.5,4.0,5.0,5.5,6.0,4.0,4.0,4.0,4.5,4.5,4.5,,,,,,,,4.5,,,5.0,,,,5.0,5.0,ASM,0.4891774891774892
17,M,,Adama Traoré,3.0,3.0,,4.666666666666667,,,4.0,,4.5,4.5,,4.5,,,5.5,,,,,,,,5.0,,,,,,,,,,,,,,,,,,,,ASM,0.2666666666666667
18,M,15.0,Rony Lopes,22.0,2.0,2,5.166666666666667,7.5,5.5,5.5,3.5,,,,,,,,,,,,,6.0,,,4.5,3.5,5.0,5.0,5.5,6.0,8.0,4.5,4.5,5.5,4.5,4.0,5.5,5.0,6.0,5.5,3.5,5.0,5.0,ASM,1.210144927536232
19,M,8.0,Aholou Jean Eudes,12.0,5.0,,5.029411764705882,5.0,6.0,4.5,4.0,6.0,,5.0,,5.0,4.5,4.0,,,,,,,,,,,,,,5.0,5.0,,,7.0,4.5,,6.0,5.0,3.5,,,,5.5,ASM,0.7647058823529411
20,M,7.0,Diop Sofiane,9.0,4.0,,4.423076923076923,5.0,5.0,,,4.5,4.5,4.5,4.0,,,5.0,3.5,5.0,4.0,4.5,,,4.5,3.5,,,,,,,,,,,,,,,,,,,,ASM,0.2852564102564103
21,M,,Aït Bennasser Youssef,12.0,1.0,,5.615384615384615,,,,6.0,6.0,7.0,,,,4.5,4.5,5.0,4.5,7.0,4.5,6.0,6.0,,6.0,6.0,,,,,,,,,,,,,,,,,,,ASM,0.8397435897435898
22,M,7.0,Chadli Nacer,9.0,7.0,,4.5625,,,,,5.0,,3.5,5.0,4.5,4.0,,3.5,5.0,4.5,4.5,5.0,,4.5,,,,,,,,,5.0,4.5,5.0,4.5,,,,,,5.0,,,ASM,0.2625
23,M,14.0,Golovin Aleksandr,27.0,3.0,3,4.933333333333334,,,,,,4.5,4.0,4.5,5.0,5.0,3.5,4.5,,5.0,5.0,,5.0,2.5,,4.0,4.5,5.5,7.0,4.5,5.0,5.5,5.5,5.5,5.0,5.5,5.5,3.5,6.0,6.0,4.0,5.0,7.5,4.5,ASM,0.9954022988505747
24,M,,Pelé,4.0,4.0,,4.5625,,,,,,,,4.5,,,5.0,4.0,4.0,5.0,4.5,5.5,,4.0,,,,,,,,,,,,,,,,,,,,,ASM,0.3169642857142857
25,M,5.0,Massengo Han-Noah,,3.0,,5.0,,,,,,,,,,,,,5.0,,,5.0,,5.0,,,,,,,,,,,,,,,,,,,,,ASM,0.0
26,M,3.0,Faivre Romain,1.0,,,3.5,,,,,,,,,,,,,,,,,,,3.5,,,,,,,,,,,,,,,,,,,,ASM,
27,M,15.0,Fàbregas Cesc,12.0,1.0,1,4.884615384615385,,,,,,,,,,,,,,,,,,,,5.5,2.0,5.5,6.0,5.0,5.0,5.5,5.5,5.0,,,4.0,5.0,,,,,4.5,5.0,ASM,1.0064102564102566
28,M,8.0,Vainqueur William,1.0,2.0,,4.5,,,,,,,,,,,,,,,,,,,,,,5.0,,,,,,,5.0,3.5,,,,,,,,,ASM,0.75
29,M,11.0,Adrien Silva,13.0,2.0,,5.366666666666666,,,,,,,,,,,,,,,,,,,,,,,4.5,5.0,5.5,5.5,6.5,5.5,6.0,,5.0,6.0,5.0,4.5,5.5,5.0,5.5,5.5,ASM,0.30238095238095236
30,M,7.0,Nkoudou Georges-Kévin,,3.0,,4.833333333333333,,,,,,,,,,,,,,,,,,,,,,,4.5,5.0,5.0,,,,,,,,,,,,,,ASM,0.08333333333333333
31,M,,Tielemans Youri,20.0,,5,5.225,6.0,5.5,5.0,6.0,6.0,4.5,3.5,,4.5,6.0,5.0,3.5,,7.0,6.0,6.0,4.5,4.0,5.0,7.0,5.0,4.5,,,,,,,,,,,,,,,,,ASM,1.0388157894736842
32,A,15.0,Falcao,29.0,4.0,15,5.015151515151516,7.5,3.0,4.0,6.5,,6.5,3.5,4.0,6.0,4.5,,3.5,2.5,6.5,4.0,7.0,4.5,4.0,4.0,,5.5,4.5,5.0,6.0,4.5,5.5,7.0,6.0,,5.0,,5.0,4.0,7.5,4.0,5.0,6.0,3.5,ASM,1.773200757575757
33,A,7.0,Jovetic Stevan,4.0,4.0,2,5.1875,7.0,5.0,,,,,,,4.5,4.5,,,,,,,4.5,,,,,,,,,,,,,5.0,6.0,5.0,,,,,,,ASM,0.78125
34,A,5.0,Pellegri Pietro,,3.0,1,5.0,,,6.5,4.5,,,4.0,,,,,,,,,,,,,,,,,,,,,,,,,,,,,,,,ASM,1.75
35,A,2.0,Mboula Jordi,3.0,4.0,,4.428571428571429,5.5,4.5,4.5,4.5,,4.0,4.0,,,,,,4.0,,,,,,,,,,,,,,,,,,,,,,,,,,ASM,0.2857142857142857
36,A,,Grandsir Samuel,4.0,8.0,,4.666666666666667,5.5,5.0,4.5,4.5,4.5,5.5,4.5,,,4.0,,5.0,4.0,5.0,,,,,4.0,,,,,,,,,,,,,,,,,,,,ASM,0.2878787878787879
37,A,2.0,Geubbels Willem,,1.0,,4.5,,4.5,,,,,,,,,,,,,,,,,,,,,,,,,,,,,,,,,,,,,ASM,
38,A,1.0,Isidor Wilson,,1.0,,5.0,,,,,,,,,,,,,5.0,,,,,,,,,,,,,,,,,,,,,,,,,,ASM,
39,A,11.0,Carlos Vinicius,3.0,13.0,2,4.71875,,,,,,,,,,,,,,,,,,,,,,,4.5,4.0,5.0,4.5,5.0,4.5,6.0,4.5,5.0,4.5,4.5,4.5,6.0,4.0,5.0,4.0,ASM,0.365625
40,A,17.0,Gelson Martins,16.0,,4,5.25,,,,,,,,,,,,,,,,,,,,,,,5.5,7.0,5.5,7.0,4.5,5.0,5.5,4.5,5.5,5.5,4.5,3.5,7.0,5.0,5.0,3.5,ASM,1.1666666666666667
41,A,8.0,Sylla Moussa,7.0,11.0,,4.194444444444445,,,,,4.0,4.0,,3.5,4.5,5.0,4.0,3.0,,4.5,4.0,,4.5,4.5,4.0,4.0,5.0,4.0,,,,,,,,,4.5,,,,4.0,4.5,,,ASM,0.23937908496732027
0,G,3.0,Reulet Paul,,,,,,,,,,,,,,,,,,,,,,,,,,,,,,,,,,,,,,,,,,,SMC,
1,G,23.0,Samba Brice,38.0,,,5.7368421052631575,3.0,5.5,5.0,6.0,5.5,7.0,5.0,6.0,5.5,6.0,5.5,6.0,7.0,5.0,5.5,6.0,5.0,5.5,7.0,5.0,4.5,6.0,6.0,4.5,7.0,6.5,5.5,5.0,2.5,8.0,6.0,5.5,8.5,6.5,6.0,6.0,6.0,6.0,SMC,1.2396870554765287
2,D,13.0,Djiku Alexander,31.0,,1,5.016129032258065,3.5,5.5,5.5,6.5,4.5,,,6.5,5.0,6.5,5.0,4.5,5.5,5.5,6.0,4.0,,6.0,,3.0,4.5,4.5,3.0,4.5,7.0,6.0,,,3.5,7.0,3.5,4.5,6.0,6.0,,5.5,3.0,4.0,SMC,1.4413978494623658
3,D,10.0,Gradit Jonathan,23.0,1.0,(-1),4.75,,,,,,,,,,4.5,,,5.0,5.0,6.0,3.0,4.0,,,,5.0,4.5,4.5,5.5,5.5,5.0,7.0,4.0,2.5,6.0,3.0,5.0,5.5,5.5,5.5,4.5,3.0,5.0,SMC,1.173913043478261
4,D,5.0,Genevois Romain,5.0,1.0,,4.583333333333333,4.0,,,5.5,5.0,5.0,,,,,,,,,,,,,,,,,,,,,,4.0,4.0,,,,,,,,,,SMC,0.4416666666666667
5,D,10.0,Guilbert Frederic,33.0,1.0,1,4.867647058823529,,5.0,5.5,7.0,4.0,4.5,5.0,6.0,4.0,5.0,4.5,4.0,6.5,,5.5,4.0,5.0,6.5,5.0,4.5,3.0,,5.0,4.5,5.0,5.0,5.0,,2.5,5.5,3.5,4.5,5.0,5.0,5.5,7.0,3.0,5.0,SMC,1.0804367201426026
6,D,5.0,Mbengue Adama,8.0,3.0,,4.863636363636363,3.5,,5.0,6.0,5.0,4.0,,,,,5.0,4.5,5.5,,,4.5,,,,,,5.0,,5.5,,,,,,,,,,,,,,,SMC,0.5045454545454545
7,D,9.0,Armougom Yoël,20.0,9.0,,4.758620689655173,4.0,5.0,,,,,4.5,6.0,4.0,5.0,,6.5,4.5,5.5,5.0,,5.0,5.0,5.0,3.0,5.0,3.5,4.5,,5.0,5.0,4.0,3.5,,5.0,4.0,,5.0,5.5,5.5,4.5,5.0,5.0,SMC,0.564655172413793
8,D,7.0,Baysse Paul,20.0,1.0,(-1),4.8,,5.5,3.5,,5.0,5.0,5.0,6.0,4.5,6.0,5.5,4.5,,4.5,5.0,4.5,4.0,4.5,5.0,3.5,5.0,4.0,,,5.5,,,,,,,,,,,,,,SMC,0.5105263157894736
9,D,9.0,Zahary Younn,8.0,4.0,,4.583333333333333,,,,,,,,,,,,,,,,,4.5,,,,,,,,,,5.0,4.5,4.5,5.0,4.5,5.0,5.5,5.0,5.0,4.0,2.5,,SMC,0.5833333333333334
10,D,9.0,Imorou Emmanuel,12.0,4.0,,4.78125,5.0,5.0,5.5,,,5.0,4.0,,,,5.0,,,,,,,,5.0,,,,,,,,,,3.5,6.0,4.5,4.5,5.0,,5.0,6.0,3.0,4.5,SMC,0.6322916666666667
11,M,13.0,Fajr Faycal,36.0,,5,5.333333333333333,4.5,4.5,5.5,6.0,6.5,6.0,6.0,7.0,5.0,,5.5,4.5,5.0,4.5,6.0,5.5,5.5,7.5,4.5,5.0,5.0,5.0,5.0,4.5,5.5,6.0,6.0,3.5,2.5,6.5,3.5,5.5,,7.0,4.5,7.5,4.5,5.5,SMC,1.1857142857142857
12,M,8.0,Diomande Ismael,14.0,4.0,,4.944444444444445,,,,,,5.0,,,,,,,,,6.5,4.0,5.0,6.0,4.5,5.0,5.0,4.0,5.5,5.0,5.0,5.0,5.5,5.5,2.5,5.5,4.5,,,,,,,,SMC,0.761437908496732
13,M,,Peeters Stef,5.0,2.0,,4.785714285714286,4.5,5.0,5.5,,,4.0,,4.5,4.5,5.5,,,,,,,,,,,,,,,,,,,,,,,,,,,,,SMC,0.32142857142857145
14,M,9.0,Oniangué Prince,26.0,5.0,2,5.080645161290323,4.0,4.5,5.5,6.5,6.5,4.5,6.0,5.5,4.0,5.5,4.5,5.5,5.0,4.5,6.0,6.0,5.5,4.5,,,,,5.0,4.0,5.5,5.0,5.0,5.0,,,4.0,4.0,5.5,5.0,5.0,5.5,5.0,,SMC,0.5182795698924731
15,M,2.0,Repas Jan,,,,,,,,,,,,,,,,,,,,,,,,,,,,,,,,,,,,,,,,,,,SMC,
16,M,8.0,Khaoui Saif-Eddine,17.0,8.0,3,4.64,,,,,4.5,,6.0,5.0,,4.0,4.5,4.0,4.5,5.0,,4.5,6.0,6.0,4.0,4.5,,4.0,4.5,4.0,5.0,,5.0,5.5,2.5,,,4.5,4.5,,,5.0,4.5,4.5,SMC,0.5733333333333334
17,M,7.0,Sankoh Baissama,6.0,9.0,,4.966666666666667,,,5.0,5.5,5.0,,,,,,,4.5,5.0,,5.0,,,6.0,5.0,,4.5,,,,5.0,4.5,,,,5.0,,,5.0,5.0,4.5,,,,SMC,0.15952380952380957
18,M,8.0,Joseph Evans,2.0,11.0,,4.5,,,,,,,,,,,,,,5.0,,4.5,4.5,5.0,5.0,4.5,5.0,,3.5,5.0,,4.0,5.0,4.5,3.0,,,,,,,,,,SMC,0.4166666666666667
19,M,7.0,Ndom Aly,1.0,,,4.0,,,,,,,,,,,,,,,,,,,,,,,,,,,,,,4.0,,,,,,,,,SMC,
20,M,9.0,Deminguet Jessy,15.0,5.0,,4.925,4.0,4.5,,6.0,,,4.5,,5.0,5.5,3.5,,,5.0,,,,,2.5,,,,,,,,5.0,5.5,,5.5,5.0,4.5,5.5,6.5,5.0,6.0,3.5,6.0,SMC,0.9809210526315789
21,A,8.0,Tchokounte Malik,16.0,13.0,,4.413793103448276,4.0,5.5,3.5,4.0,,4.5,4.5,5.0,4.5,,3.5,4.5,4.5,4.5,4.5,5.0,3.5,4.5,4.0,4.5,4.5,4.5,,,,5.5,,5.0,3.5,,4.5,,5.0,4.5,3.5,5.0,,4.0,SMC,0.32266009852216754
22,A,,Stavitski Timo,,1.0,,4.0,4.0,,,,,,,,,,,,,,,,,,,,,,,,,,,,,,,,,,,,,,SMC,
23,A,12.0,Ninga Casimir,28.0,5.0,6,4.636363636363637,3.5,5.0,6.0,5.5,4.5,3.5,4.0,7.0,4.0,4.5,3.5,3.5,5.0,3.5,,,,,6.0,5.5,4.0,3.5,4.5,4.0,5.0,4.0,7.0,6.0,,5.0,4.0,4.0,5.0,5.0,4.5,6.5,3.0,3.5,SMC,1.1605113636363635
24,A,7.0,Bammou Yacine,9.0,8.0,2,4.852941176470588,,6.0,4.5,4.5,4.5,4.5,6.0,5.0,4.5,5.0,,,,4.5,4.5,,4.5,,,5.0,4.5,5.5,5.0,4.5,,,,,,,,,,,,,,,SMC,0.2738970588235294
25,A,7.0,Beauvue Claudio,16.0,9.0,3,4.68,,,,6.0,7.0,4.0,4.0,5.0,3.5,4.5,4.0,4.0,5.5,3.5,6.5,5.0,5.0,5.5,,3.5,,4.5,4.0,5.0,4.5,4.5,4.5,,4.5,,,4.5,,,,,,4.5,SMC,0.7891666666666667
26,A,,Moussaki Herman,2.0,4.0,,4.5,,,,,,,,,,,,,,,,,,,,,,,,,,,,,,,,4.5,,4.5,4.0,5.5,4.0,4.5,SMC,0.3
27,A,10.0,Crivelli Enzo,28.0,5.0,6,4.4393939393939394,4.5,4.5,6.0,6.5,4.5,,,4.0,3.5,4.5,4.0,6.0,4.0,,4.0,4.0,,5.0,6.0,4.0,4.0,4.0,4.5,4.0,4.0,6.0,3.5,5.0,2.5,6.5,4.0,4.5,4.5,4.0,4.0,,3.0,3.5,SMC,0.9337121212121214
0,G,6.0,Johnsson Karl-Johan,17.0,,,5.0,6.0,5.0,4.5,5.0,4.0,4.0,6.0,6.5,6.0,6.0,7.0,4.0,3.5,4.5,5.5,3.0,4.5,,,,,,,,,,,,,,,,,,,,,,EAG,1.28125
1,G,15.0,Caillard Marc-Aurèle,21.0,,,5.476190476190476,,,,,,,,,,,,,,,,,,5.5,6.5,5.0,2.5,5.5,7.0,5.0,7.0,6.0,7.5,4.5,6.5,5.0,6.0,4.0,4.5,4.0,6.0,6.0,5.0,6.0,EAG,1.4119047619047622
2,D,9.0,Sorbon Jérémy,29.0,4.0,1.0,4.7727272727272725,,4.5,,4.0,3.5,4.0,5.5,6.0,5.5,5.5,5.5,3.0,3.0,3.5,5.5,4.5,4.0,5.0,,,,5.0,5.5,5.0,4.0,6.5,5.5,5.5,6.0,4.0,5.5,5.5,3.5,4.0,5.0,5.0,5.0,4.5,EAG,0.8295454545454546
3,D,6.0,Ikoko Jordan,19.0,1.0,,4.25,4.0,3.5,5.0,,3.0,4.0,,6.0,5.0,5.0,5.0,3.0,3.0,3.5,,,4.5,,5.0,,3.0,,,,,,,,,,,,,3.0,5.5,5.0,4.5,4.5,EAG,0.9078947368421053
4,D,13.0,Pedro Rebocho,36.0,,,5.041666666666667,4.5,5.0,3.5,5.0,,4.5,5.0,5.5,5.0,5.5,6.0,,3.5,4.5,5.5,5.0,4.0,7.0,6.5,4.5,2.5,4.5,5.5,4.0,6.0,5.5,6.0,5.0,6.0,5.0,6.0,6.0,4.0,4.5,5.0,5.0,5.0,6.0,EAG,0.8482142857142857
5,D,14.0,Eboa Eboa Felix,27.0,,3.0,5.0,4.5,4.0,3.5,5.0,3.0,,5.5,6.0,6.0,,,3.0,,,5.0,4.5,,7.5,7.5,5.0,2.0,5.0,5.0,4.0,7.0,6.0,4.0,5.5,,,7.5,4.0,4.0,,,,6.0,5.0,EAG,2.0
6,D,6.0,Tabanou Franck,2.0,,,4.75,,,,,,,,,,5.0,4.5,,,,,,,,,,,,,,,,,,,,,,,,,,,,EAG,0.125
7,D,8.0,Traoré Cheick,16.0,4.0,,4.45,5.0,,3.0,4.5,,,5.0,,,,,2.0,,,5.5,5.0,,5.0,,,,4.5,5.5,4.0,5.0,5.5,4.5,5.0,5.0,3.5,5.0,3.5,3.0,,,,,,EAG,0.9447368421052631
8,D,4.0,Koita Djegui,1.0,1.0,,5.25,,,,,,,,,,5.0,5.5,,,,,,,,,,,,,,,,,,,,,,,,,,,,EAG,0.125
9,D,6.0,Johan Larsson,1.0,,,4.0,,,,,,,,,,,,,,,,,,,,4.0,,,,,,,,,,,,,,,,,,,EAG,
10,D,6.0,Djilobodji Papy,2.0,2.0,,3.875,,,,,,,,,,,,,,,,,,,,,4.0,3.5,,,,,,,,,4.5,,,3.5,,,,,EAG,0.22916666666666666
11,D,9.0,Kerbrat Christophe,25.0,,,4.44,5.0,4.5,3.5,,3.5,3.0,6.0,6.0,6.0,,5.0,3.5,2.5,4.5,5.5,3.5,4.0,5.0,6.0,5.0,2.5,3.0,,4.0,,,,,6.0,4.0,,,,,4.5,5.0,,,EAG,1.2775
12,M,,Salibur Yannis,,1.0,,4.5,,4.5,,,,,,,,,,,,,,,,,,,,,,,,,,,,,,,,,,,,,EAG,
13,M,8.0,Benezet Nicolas,18.0,7.0,3.0,4.92,5.0,4.5,5.0,6.0,3.0,5.0,4.5,7.5,7.0,4.0,6.0,2.5,5.0,4.5,5.0,4.0,,,,,,,4.5,5.5,5.0,5.0,5.5,4.5,4.5,4.5,5.5,,,,,,,,EAG,1.1183333333333334
14,M,8.0,Coco Marcus,21.0,12.0,1.0,4.621212121212121,5.0,5.0,4.0,4.5,3.5,4.0,4.5,5.0,,,4.5,3.0,5.0,5.0,5.5,6.5,4.0,5.0,5.5,5.0,,4.5,4.5,4.5,5.0,6.0,4.0,2.5,,4.5,5.0,4.5,4.5,3.5,5.0,5.0,,5.0,EAG,0.625473484848485
15,M,11.0,Blas Ludovic,27.0,7.0,1.0,4.852941176470588,4.5,4.5,5.0,6.0,4.5,,5.5,5.5,4.5,3.5,6.0,2.5,4.0,,6.0,4.5,4.5,6.0,7.0,5.0,4.0,3.5,5.0,4.0,4.5,5.5,4.0,5.0,6.0,4.0,4.5,,,5.0,4.5,5.5,6.0,5.0,EAG,0.85650623885918
16,M,8.0,Didot Étienne,23.0,8.0,1.0,4.67741935483871,4.5,5.5,4.5,5.0,3.5,4.0,4.5,5.5,5.5,6.0,6.0,3.0,3.5,4.0,6.0,4.5,6.5,,5.5,4.0,2.5,,5.0,,,,4.5,5.0,,,4.0,5.0,4.0,4.5,5.0,4.5,4.5,5.0,EAG,0.8258064516129033
17,M,11.0,Phiri Lebogang,23.0,1.0,,5.208333333333333,4.5,,,,4.0,5.0,,,,5.0,,,,6.0,,,,6.0,6.0,,3.0,5.0,6.5,5.5,6.0,6.0,5.0,5.5,6.5,5.0,6.0,,3.5,3.5,5.5,7.0,5.0,4.0,EAG,1.085144927536232
18,M,4.0,Fofana Guessouma,4.0,6.0,,4.35,,,,,3.0,4.5,,5.0,5.0,4.5,4.5,2.5,4.5,,,,,,5.0,,,,,,,,,,,,,,,,,,5.0,,EAG,0.7805555555555556
19,M,8.0,Ndong Didier,8.0,3.0,,4.636363636363637,,,,,,,,,,,,,,,,,,,,4.5,,4.5,,4.5,5.5,4.0,,,5.5,4.5,5.5,4.5,4.0,4.0,,,,,EAG,0.3545454545454545
20,M,10.0,Merghem Mehdi,9.0,,,4.833333333333333,,,,,,,,,,,,,,,,,,,,,,,,,,,,,5.5,5.0,5.5,5.0,5.0,3.5,5.0,,5.0,4.0,EAG,0.4375
21,M,,Carnot Louis,,1.0,,5.5,,,,,,,,,,,,,,,,,,,,,,,,,,,,,,,,,,,,,5.5,,EAG,
22,M,8.0,Deaux Lucas,17.0,1.0,3.0,4.833333333333333,,,3.5,4.0,,,3.5,5.5,6.0,,,,4.5,,,,,6.5,,,4.5,3.5,5.0,,5.0,6.0,3.5,5.0,5.0,,,5.5,,,,4.5,,6.0,EAG,0.9411764705882353
23,A,10.0,Thuram Marcus,32.0,,9.0,4.796875,7.0,4.5,4.0,5.5,4.5,7.0,3.0,,2.0,,,,7.0,5.0,4.5,5.5,4.0,6.0,7.0,3.5,3.0,5.0,5.5,5.0,5.0,5.0,,4.0,5.5,3.5,,6.0,4.5,4.5,5.0,3.0,5.0,4.0,EAG,1.5622479838709677
24,A,8.0,N'Gbakoto Yeni,4.0,11.0,1.0,4.533333333333333,4.5,,,4.5,,4.5,,,4.5,,,,4.5,4.0,5.5,5.0,4.5,4.5,,4.5,3.0,,,,,,,,,,,5.0,6.0,3.5,,,,,EAG,0.5166666666666667
25,A,9.0,Roux Nolan,17.0,9.0,2.0,4.480769230769231,4.5,6.0,3.5,4.0,3.5,3.5,4.5,4.0,,,,,,,,,,4.0,6.5,5.0,,4.5,4.0,4.5,4.5,4.5,4.5,4.5,4.5,,5.0,5.0,4.0,,4.0,4.5,4.5,5.0,EAG,0.46961538461538455
26,A,,Julan Nathaël,3.0,7.0,,4.5,,,,,,4.5,,4.5,5.0,4.0,4.5,4.5,5.0,4.5,4.0,,4.5,,,,,,,,,,,,,,,,,,,,,,EAG,0.1111111111111111
27,A,1.0,Phaeton Matthias,,4.0,,4.875,,,,,,,,,,,,5.0,,4.5,,5.0,5.0,,,,,,,,,,,,,,,,,,,,,,EAG,0.0625
28,A,8.0,Mendy Alexandre,8.0,8.0,3.0,4.625,,,,,,,,,,,,,,,,,,,4.0,5.0,4.0,,,3.5,3.5,4.5,4.5,4.5,,4.0,,4.5,4.0,4.0,4.5,6.5,7.0,6.0,EAG,1.05
29,A,7.0,Rodelin Ronny,8.0,9.0,,4.5,,4.5,4.5,4.5,,,,,,4.0,5.0,,,,4.5,4.5,4.5,4.5,4.5,5.0,4.5,,4.5,,,,4.5,,4.5,4.5,,,,,4.0,,,,EAG,0.0625
0,G,7.0,Boucher Zacharie,2.0,,,5.5,,,,,,,,,,,,,,,,,,,5.0,,,,,,,,,,,,,,,,6.0,,,,SCO,0.5
1,G,22.0,Butelle Ludovic,36.0,,,5.638888888888889,3.5,5.0,4.0,8.0,6.0,5.5,5.5,6.0,5.0,6.0,5.0,5.5,6.5,7.0,5.0,4.5,4.5,7.0,,4.5,7.0,7.5,6.0,6.5,6.5,5.0,5.0,5.0,6.5,5.0,4.0,6.0,7.5,5.0,,5.0,6.0,5.5,SCO,1.137301587301587
2,D,13.0,Thomas Romain,27.0,1.0,2 / (-1),5.160714285714286,2.0,,,,,,6.0,4.5,6.5,6.0,4.5,3.5,7.5,5.5,4.0,6.0,5.0,6.0,6.0,4.0,6.0,4.0,6.0,6.0,5.5,5.0,5.5,3.5,5.5,5.0,4.5,6.0,,5.0,,,,,SCO,1.2972883597883598
3,D,14.0,Traoré Ismael,29.0,1.0,3,5.05,4.5,5.0,4.5,7.5,6.0,6.0,5.5,5.0,5.5,7.0,3.5,,,5.5,5.5,5.0,,5.0,4.0,,,,,5.0,6.5,4.5,4.0,4.5,5.0,5.0,4.5,,4.5,5.0,6.0,4.0,3.0,5.0,SCO,0.9370689655172415
4,D,5.0,Andreu Yoann,,1.0,,4.5,,,,,,,,,,,,4.5,,,,,,,,,,,,,,,,,,,,,,,,,,,SCO,
5,D,18.0,Manceau Vincent,31.0,,1 / (-1),5.161290322580645,3.5,5.0,4.0,5.5,6.0,5.5,6.0,4.5,4.5,5.0,5.0,3.0,5.5,,,,,5.5,,3.5,7.0,7.0,6.0,6.0,6.0,5.0,4.5,4.0,5.0,,,6.0,5.0,7.0,6.0,4.5,3.0,6.0,SCO,1.1897849462365593
6,D,12.0,Pavlovic Mateo,28.0,2.0,2,5.266666666666667,,4.5,4.0,6.0,5.5,6.0,5.0,,,,4.0,6.0,7.0,6.0,5.0,5.5,5.5,6.0,,3.5,6.0,5.5,6.0,5.5,6.5,5.0,5.5,4.0,,,,5.5,5.0,5.5,6.0,4.5,2.0,6.0,SCO,1.0298850574712644
7,D,13.0,Bamba Abdoulaye,29.0,1.0,,5.033333333333333,3.0,,,6.0,6.0,5.0,6.0,4.5,5.0,5.0,4.5,4.0,6.0,5.0,6.0,5.0,4.5,5.0,4.0,4.0,5.5,5.5,5.5,7.0,6.5,4.0,4.5,,5.0,4.5,5.0,5.0,4.5,,,,,,SCO,0.7402298850574712
8,D,5.0,Elhadji Diaw,,1.0,,5.0,,,,,,,,,,,,,,,,,,,,,,,,,,,,5.0,,,,,,,,,,,SCO,
9,D,8.0,Pellenard Theo,6.0,,,4.583333333333333,,,,,,,,,,,,,,,,,,,,,,,,,,,,4.0,,,,,,6.0,5.5,4.5,3.0,4.5,SCO,1.1416666666666666
10,D,5.0,Ait Nouri Rayan,,3.0,,4.333333333333333,,,5.0,,,,,,,,,,,,,,,,,,,,,,,,,,,,5.0,,,,,,3.0,,SCO,1.3333333333333335
11,M,16.0,Fulgini Angelo,18.0,13.0,4,5.032258064516129,7.0,4.0,3.5,5.0,5.0,,,,,4.5,4.5,4.5,,5.0,,4.5,4.5,4.5,6.0,4.5,6.5,5.0,5.0,5.5,7.0,4.5,4.5,7.5,5.0,5.0,5.0,,5.5,5.5,5.5,4.0,3.0,5.0,SCO,0.9655913978494624
12,M,13.0,Mangani Thomas,18.0,11.0,3,4.862068965517241,4.5,5.0,7.0,3.5,,5.0,5.5,4.5,3.5,,,,5.0,4.5,5.0,5.0,5.0,5.0,5.5,5.0,4.5,4.5,4.5,4.5,,,4.0,5.0,4.0,8.0,4.0,5.0,5.0,4.5,5.0,,,,SCO,0.8017241379310346
13,M,10.0,Capelle Pierrick,21.0,5.0,3,5.173076923076923,6.0,5.0,4.0,5.0,5.5,5.0,5.0,5.0,7.0,5.0,4.0,4.0,7.5,4.5,6.0,5.5,5.0,,6.0,4.0,,,,,,,,,,5.0,4.0,7.5,4.0,,5.0,5.0,,5.0,SCO,1.0188461538461535
14,M,9.0,Pajot Vincent,10.0,3.0,,4.730769230769231,5.0,5.0,,,,,4.5,4.5,5.5,,,,,,,,,,,,,,,,,,,,,4.5,,5.5,4.5,5.0,5.5,4.0,3.5,4.5,SCO,0.358974358974359
15,M,16.0,Santamaria Baptiste,37.0,1.0,1,5.2105263157894735,4.5,5.0,4.0,5.5,7.0,5.5,6.0,4.0,4.0,6.0,5.0,4.5,5.0,5.0,4.0,5.5,5.0,5.5,5.0,3.5,6.0,5.5,6.0,7.0,5.5,4.0,5.5,5.0,5.5,5.5,5.0,6.5,6.0,6.0,6.0,4.0,3.5,6.0,SCO,0.8058321479374113
16,M,16.0,Reine-Adélaïde Jeff,29.0,6.0,3,4.9714285714285715,4.5,5.0,3.5,5.0,6.0,5.5,,5.0,5.5,6.0,5.0,4.5,5.0,4.5,4.0,4.5,3.0,5.0,4.5,,4.0,5.5,4.5,,5.0,4.5,5.0,6.0,4.0,5.0,7.5,6.5,5.0,5.5,6.0,5.5,3.5,5.0,SCO,0.7932773109243696
17,M,8.0,N'Doye Cheikh,26.0,1.0,,4.888888888888889,,4.0,4.5,5.5,5.5,4.5,5.5,4.5,5.0,5.0,6.0,3.5,5.0,5.0,4.5,5.0,4.0,3.5,,4.5,4.5,5.5,6.5,5.5,6.0,5.0,5.5,3.5,5.0,,,,,,,,,,SCO,0.6025641025641026
18,M,9.0,El Melali Farid,,18.0,,4.694444444444445,,,4.5,,,,,,,5.0,,,4.0,,,,,,,4.0,5.5,4.5,4.5,5.0,,,4.5,,4.5,4.5,5.0,4.5,4.5,,5.0,5.0,5.0,5.0,SCO,0.15114379084967317
19,M,17.0,Tait Flavien,34.0,2.0,6,5.527777777777778,5.0,4.0,6.0,5.0,8.0,5.5,6.0,4.5,6.5,,5.0,7.0,4.5,6.5,4.0,4.5,7.0,4.5,4.5,3.5,6.0,6.0,5.5,,7.0,4.5,8.0,5.0,5.5,5.0,6.0,6.0,5.5,5.5,5.5,6.0,5.0,5.5,SCO,1.1134920634920638
20,A,6.0,Kanga Wilfried,4.0,14.0,2,4.638888888888889,,4.0,5.0,4.5,4.0,5.0,,4.5,4.5,,,,,,4.5,,,,4.5,,,,4.0,7.5,4.0,,,,,,,4.5,4.5,4.5,,5.0,4.5,4.5,SCO,0.6119281045751631
21,A,22.0,Bahoken Stephane,31.0,1.0,11,4.84375,6.0,,,4.0,7.0,5.0,6.0,4.0,,5.0,4.5,6.0,4.0,6.0,4.0,4.5,4.0,4.0,6.5,5.5,4.0,2.5,6.5,4.5,6.0,3.5,4.5,6.5,3.5,,6.0,,,4.0,6.0,4.5,3.0,4.0,SCO,1.3618951612903225
22,A,6.0,Manzala Harrison,,8.0,,4.5,4.5,4.5,,,4.5,4.5,4.0,,,,,,,,,,4.5,4.5,5.0,,,,,,,,,,,,,,,,,,,,SCO,0.07142857142857142
23,A,7.0,Cristian,2.0,17.0,2,4.5,,,,,,,,,4.5,4.5,6.0,4.5,4.0,4.5,5.0,4.0,5.0,,,3.5,4.0,4.5,,4.0,6.0,4.5,,,3.0,5.0,4.5,4.5,,,,,,,SCO,0.5277777777777778
0,G,13.0,Rúnarsson Rúnar Alex,25.0,,,4.96,6.0,6.0,6.5,5.0,4.0,6.0,4.0,2.5,5.0,5.0,5.0,3.0,5.0,5.5,4.5,,,4.0,,,,,,,,,,,,6.0,6.0,5.5,5.0,5.0,4.5,6.0,4.0,5.0,DFCO,0.9775000000000001
1,G,7.0,Allain Bobby,13.0,,,5.884615384615385,,,,,,,,,,,,,,,,7.0,6.5,,4.5,6.0,6.5,7.0,5.0,6.0,5.5,6.0,5.0,7.0,4.5,,,,,,,,,,DFCO,0.8397435897435898
2,D,12.0,Lautoa Wesley,34.0,,(-1),4.735294117647059,5.0,6.0,6.0,3.5,,5.5,3.5,3.5,4.5,3.0,3.5,3.5,4.5,5.5,5.5,4.0,,3.0,4.5,5.0,5.5,6.0,5.0,4.0,4.5,,4.5,5.5,6.0,4.5,6.0,6.0,,4.5,4.0,5.0,4.5,6.0,DFCO,0.9126559714795008
3,D,10.0,Yambéré Cédric,30.0,3.0,,4.7727272727272725,5.0,7.0,,4.0,3.5,,3.0,4.0,5.0,,5.0,3.5,,6.0,5.5,4.5,4.5,3.0,4.5,5.0,4.5,6.0,5.5,4.0,,5.0,4.5,5.5,5.5,5.5,5.0,5.5,5.0,5.0,4.5,5.5,3.0,5.0,DFCO,0.8451704545454545
4,D,12.0,Chafik Fouad,21.0,,,4.9523809523809526,,,,,,5.0,,,,,,,4.0,,,,4.0,,,5.0,5.0,7.0,5.0,5.0,4.0,4.5,4.0,5.5,5.5,5.0,5.0,5.5,6.5,5.0,4.0,5.0,,4.5,DFCO,0.6226190476190474
5,D,6.0,Rosier Valentin,16.0,2.0,,4.611111111111111,4.5,7.5,7.0,3.0,3.5,5.0,3.5,3.5,5.0,5.0,5.5,2.5,4.0,5.5,5.0,4.5,3.5,,,,,,,,,5.0,,,,,,,,,,,,,DFCO,1.6928104575163394
6,D,11.0,Haddadi Oussama,30.0,2.0,2,4.84375,5.0,7.0,7.5,3.0,4.0,5.5,4.0,3.5,4.5,4.5,,,4.5,5.5,4.0,7.5,4.0,,4.5,5.0,5.0,6.0,5.0,4.0,3.5,,4.0,6.0,6.0,5.0,5.0,6.0,,5.0,3.0,5.0,3.0,,DFCO,1.4102822580645162
7,D,6.0,Coulibaly Senou,6.0,3.0,1,4.888888888888889,6.5,,,,,4.5,,4.5,,,,4.5,5.0,,,,,,,,,,,,5.0,5.0,,4.0,,,,,5.0,,,,,,DFCO,0.4861111111111112
8,D,8.0,Aguerd Naif,12.0,1.0,3,4.730769230769231,,,6.5,,,,,,,,,,5.0,6.5,5.5,,,2.5,,,,,4.5,,4.0,5.0,4.5,,,,,,5.5,4.5,3.0,,,4.5,DFCO,1.3589743589743593
9,D,,Ciman Laurent,7.0,2.0,,4.222222222222222,,,,,3.0,5.5,3.5,,,4.5,5.5,3.0,4.0,,,5.0,4.0,,,,,,,,,,,,,,,,,,,,,,DFCO,0.9444444444444443
10,D,7.0,Alphonse Mickaël,6.0,5.0,1,4.545454545454546,,,,,,,,,5.0,,6.0,3.0,,,,,,,3.5,,5.0,,,,,,,,,5.0,5.0,5.0,4.5,,,,3.5,4.5,DFCO,0.7727272727272728
11,D,7.0,Bouka Moutou Arnold,,3.0,,4.666666666666667,,,,,,,,,,,,,,,,,,,,5.0,4.0,,,,,,,,,,,,,,,,5.0,,DFCO,0.33333333333333337
12,M,8.0,Sammaritano Frederic,6.0,8.0,,4.821428571428571,,6.5,6.0,3.5,5.0,,,,,,,,,5.0,4.5,4.5,5.0,5.0,,,,,,,,,,,,3.5,,,4.5,5.0,4.5,5.0,,,DFCO,0.6387362637362638
13,M,11.0,Marié Jordan,20.0,6.0,1,4.865384615384615,,,5.0,,,5.5,,4.0,,,4.5,3.5,,,5.0,4.5,,4.0,4.0,5.0,5.0,6.0,5.0,6.0,5.5,5.5,4.0,5.0,5.0,5.0,4.5,6.0,5.0,,,5.5,3.5,5.0,DFCO,0.5111538461538462
14,M,10.0,Balmont Florent,15.0,5.0,,4.7,,,,,,,,,,3.5,5.5,3.5,4.0,,,,6.0,3.5,4.5,5.0,,5.0,,5.0,4.5,,,5.0,5.0,,5.0,5.5,4.0,5.5,,5.5,4.5,4.0,DFCO,0.5631578947368421
15,M,10.0,Amalfitano Romain,30.0,2.0,,4.53125,4.5,,6.0,4.0,4.5,5.0,3.5,4.5,4.0,4.0,4.5,,,5.5,4.0,4.5,4.0,3.5,3.5,5.0,3.5,,5.0,4.5,,,4.5,5.0,6.0,4.5,5.5,6.0,5.0,4.5,4.0,5.5,3.5,3.5,DFCO,0.5957661290322581
16,M,7.0,Abeid Mehdi,23.0,3.0,3,5.134615384615385,4.5,6.0,6.5,,5.0,5.5,4.0,5.0,5.0,6.0,6.0,,,5.5,6.0,5.5,4.5,4.0,4.0,5.0,4.5,7.0,4.5,5.0,6.0,5.0,4.5,5.0,4.0,,,,,,,,,,DFCO,0.6711538461538461
17,M,9.0,Kwon Chang-Hoon,10.0,9.0,2,4.7368421052631575,,,,,,,,,,,,,,,,,,5.0,3.5,4.5,5.0,7.0,4.5,4.0,4.5,4.0,4.5,5.0,5.0,5.0,5.0,4.5,,,4.0,6.0,4.0,5.0,DFCO,0.621345029239766
18,M,,Gourcuff Yoann,,8.0,,4.875,5.0,5.0,,4.5,5.0,,5.5,4.5,5.0,4.5,,,,,,,,,,,,,,,,,,,,,,,,,,,,,DFCO,0.125
19,M,4.0,Loiodice Enzo,10.0,2.0,,4.875,5.0,6.0,7.5,4.5,4.0,,3.5,,4.5,4.0,4.5,,5.0,5.0,,,,,,,,,,,,,,,,,,,,,5.0,,,,DFCO,1.0965909090909092
20,M,10.0,Sliti Naim,25.0,10.0,3,5.071428571428571,7.0,5.0,5.5,4.5,4.5,4.5,5.0,4.0,4.5,5.5,5.0,3.0,5.5,5.0,7.0,5.0,5.0,,3.5,5.0,4.5,7.0,4.5,5.0,4.5,5.0,5.0,7.0,5.0,,,5.0,6.0,4.5,3.5,5.5,4.5,7.0,DFCO,0.9873949579831934
21,A,11.0,Tavares Júlio,31.0,5.0,5,4.597222222222222,6.0,8.0,5.0,3.5,3.5,4.0,4.0,3.0,,,4.5,5.0,4.0,4.0,5.0,5.0,4.5,3.0,3.0,5.0,4.5,6.5,4.0,3.5,5.0,4.5,4.0,4.0,3.5,4.5,7.0,5.0,4.5,5.0,4.0,6.0,4.0,6.0,DFCO,1.254563492063492
22,A,14.0,Said Wesley,25.0,9.0,4,4.779411764705882,4.0,4.5,,4.5,5.5,4.5,,4.5,4.5,3.5,,5.0,3.5,4.5,5.0,4.5,5.0,3.5,4.0,6.0,6.0,5.5,4.0,4.5,4.5,4.0,4.0,,4.5,5.0,7.5,4.5,8.0,4.5,3.0,5.0,4.5,7.0,DFCO,1.1847147950089123
23,A,8.0,Jules Keita,2.0,15.0,2,4.411764705882353,4.5,4.5,8.0,4.5,4.0,4.0,4.0,3.5,4.5,4.0,,4.5,4.0,,,,,4.0,,,,4.0,4.5,,,4.0,4.5,,,,,,,,,,,,DFCO,0.9448529411764706
24,A,8.0,Kaba Sory,2.0,7.0,,4.166666666666667,,,,,,,,,,,,,,,,,,,,,,,,4.0,3.5,4.0,,4.5,,4.5,4.5,,,4.5,4.0,4.0,,,DFCO,0.125
25,A,10.0,Jeannot Benjamin,19.0,2.0,2,4.619047619047619,,5.5,4.5,4.0,,,4.5,,5.0,5.0,5.0,4.5,,,4.0,6.5,3.5,3.5,4.0,,,,,,,,,,4.5,4.0,5.5,4.0,6.5,4.0,,,4.5,4.5,DFCO,0.6976190476190477
0,G,7.0,Kamara Bingourou,,,,,,,,,,,,,,,,,,,,,,,,,,,,,,,,,,,,,,,,,,,RCSA,
1,G,3.0,Kawashima Eiji,1.0,,,6.0,,,,,,,,,,,,,,,,,,,,,,,,,,,,,,,,,,,,,,6.0,RCSA,
2,G,18.0,Sels Matz,37.0,,,5.621621621621622,6.0,5.0,6.0,4.0,5.5,5.5,5.0,6.0,7.0,6.0,6.0,4.5,8.0,5.0,5.0,6.5,4.5,5.0,8.0,6.0,6.0,6.0,4.5,4.5,6.0,6.0,5.0,7.0,5.0,7.0,6.0,4.0,5.0,6.0,5.0,5.5,5.0,,RCSA,0.936186186186186
3,D,24.0,Lala Kenny,34.0,,4,5.323529411764706,6.5,4.0,4.5,3.5,4.0,7.0,6.5,5.5,3.0,8.0,5.0,6.0,,,6.0,5.5,3.5,4.0,7.5,5.0,5.5,7.0,,5.0,5.0,5.5,5.0,6.0,5.0,7.5,4.5,4.5,,5.0,6.0,4.5,4.5,5.5,RCSA,1.4679144385026737
4,D,18.0,Martinez Pablo,32.0,,3,5.328125,6.5,5.0,,4.0,5.0,5.5,4.5,6.0,4.5,5.0,5.5,6.0,6.0,4.5,7.5,5.5,6.0,4.5,6.0,6.0,6.0,7.5,3.5,4.5,5.0,5.0,,5.0,5.0,6.0,4.5,4.5,5.0,5.5,,,,,RCSA,0.8162802419354839
5,D,1.0,Aaneba Ismael,3.0,,,4.333333333333333,,,,,,,,,,,,,5.0,5.0,,,,,,,,,3.0,,,,,,,,,,,,,,,,RCSA,1.3333333333333335
6,D,1.0,Bangou Duplex Tchamba,,,,,,,,,,,,,,,,,,,,,,,,,,,,,,,,,,,,,,,,,,,RCSA,
7,D,10.0,Koné Lamine,23.0,4.0,1,5.037037037037037,,,4.5,5.0,,,,,5.0,6.0,4.5,6.0,5.5,5.5,7.0,5.5,4.0,4.0,7.0,6.0,5.5,6.0,4.0,4.0,,5.0,5.0,3.0,3.0,,,,,5.0,5.5,5.0,4.0,5.5,RCSA,1.037037037037037
8,D,10.0,Mitrovic Stefan,34.0,,(-1),5.044117647058823,6.0,4.5,4.5,3.5,5.5,4.0,4.5,6.0,5.0,6.0,4.5,4.5,6.0,5.0,,,4.5,5.0,6.0,6.0,5.0,,5.0,4.0,5.0,,5.0,5.0,6.0,6.0,4.5,4.5,3.5,5.5,5.0,6.0,4.5,6.0,RCSA,0.5813279857397504
9,D,8.0,Carole Lionel,20.0,3.0,,5.043478260869565,,5.0,5.0,4.0,5.0,5.0,4.5,4.5,5.5,5.5,5.0,5.0,,,5.5,5.5,,,,,5.0,,,,,,,,4.5,7.0,5.5,3.5,4.0,5.5,5.0,5.0,,6.0,RCSA,0.5207509881422924
10,D,3.0,Ndour Abdallah,4.0,,,4.875,,,,,,,,,,,,,,,,,,,,,,5.5,3.0,,,,,,,,,,,,,5.0,,6.0,RCSA,1.7291666666666667
11,M,11.0,Martin Jonas,23.0,,3,5.630434782608695,6.0,5.5,5.5,4.5,5.0,5.5,5.0,8.0,5.5,,5.0,6.0,6.0,6.0,8.0,6.0,4.0,6.0,7.0,5.0,6.0,,,,,,,,,,,,4.0,6.0,4.0,,,,RCSA,1.141304347826087
12,M,8.0,Lienard Dimitri,15.0,7.0,,5.204545454545454,7.0,4.5,,4.0,,4.5,,,5.0,5.0,,5.0,6.0,5.0,6.0,5.0,4.5,,,6.0,5.0,5.0,,,5.0,,4.5,,5.0,6.5,5.0,,,,,,5.0,6.0,RCSA,0.5395021645021645
13,M,8.0,Corgnet Benjamin,6.0,11.0,1,5.0,,,,4.5,4.5,6.0,5.5,5.0,,5.0,4.5,5.0,5.5,4.5,5.5,,4.5,5.5,5.0,,,,,5.0,4.5,,,,,,,,,,,,5.0,,RCSA,0.21875
14,M,10.0,Caci Anthony,26.0,3.0,,4.948275862068965,6.0,6.0,4.5,,5.0,5.0,4.0,6.0,4.0,,,,,,5.5,5.5,4.0,3.5,6.0,5.5,6.5,5.5,,4.0,5.0,5.0,4.0,5.0,,5.0,3.5,5.0,5.0,5.5,5.0,,3.5,5.5,RCSA,0.7025862068965516
15,M,13.0,Gonçalves Anthony,12.0,6.0,5,5.333333333333333,5.0,6.5,4.0,,,,,,,5.0,,,,,,,,,,5.0,,,4.5,,,6.5,,5.0,5.5,8.0,6.5,5.5,3.5,5.0,5.0,5.0,5.0,5.5,RCSA,1.0588235294117647
16,M,15.0,Thomasson Adrien,28.0,6.0,5,5.147058823529412,5.5,4.0,4.0,5.0,,,5.0,5.5,5.0,7.0,4.5,5.0,5.5,4.0,7.0,5.5,6.0,5.5,7.0,6.0,7.0,5.0,5.0,3.5,4.5,5.0,5.0,7.0,,3.5,,5.0,4.5,5.0,5.0,4.0,4.0,5.0,RCSA,0.9928698752228162
17,M,12.0,Sissoko Ibrahima,30.0,2.0,3,5.234375,6.0,5.5,5.5,6.5,4.5,6.5,,6.5,5.5,5.0,5.0,4.5,5.0,4.5,6.0,5.5,4.0,4.0,6.0,7.0,8.0,5.0,4.5,5.0,5.0,5.5,4.0,,,,5.5,,4.0,4.5,4.5,4.5,,4.5,RCSA,0.9191028225806451
18,M,3.0,Zemzemi Moataz,,2.0,,4.75,,5.0,,,,,,,,,4.5,,,,,,,,,,,,,,,,,,,,,,,,,,,,RCSA,0.125
19,M,8.0,Zohi Kévin,6.0,14.0,1,4.85,4.5,4.5,4.5,,6.0,5.0,4.5,5.0,,,6.5,4.5,4.5,3.5,5.0,5.0,,5.0,4.5,,,,,,,,5.0,5.0,5.0,5.0,,,,,,,4.5,,RCSA,0.37105263157894736
20,M,10.0,Fofana Youssouf,10.0,7.0,2,5.264705882352941,,,5.0,,,,,5.0,,,,,5.0,5.0,,5.0,,,,5.5,8.0,6.5,4.5,,5.5,4.0,,4.0,5.5,7.0,,4.5,,,5.0,4.5,,,RCSA,1.0974264705882353
21,M,15.0,Prcic Sanjin,12.0,1.0,2,5.538461538461538,,,,,,,,,,,,,,,,,,,,,,,4.5,7.0,6.0,5.5,5.0,5.5,5.5,,5.5,7.0,5.5,,,5.0,5.0,5.0,RCSA,0.560897435897436
22,M,5.0,Grimm Jeremy,2.0,3.0,,4.7,5.0,,,,4.5,5.0,4.0,,5.0,,,,,,,,,,,,,,,,,,,,,,,,,,,,,,RCSA,0.2
23,A,5.0,Saadi Idriss,,1.0,,4.0,,,,,,,4.0,,,,,,,,,,,,,,,,,,,,,,,,,,,,,,,,RCSA,
24,A,12.0,Nuno da Costa,22.0,12.0,8,4.9411764705882355,6.5,5.0,4.0,6.0,4.5,5.5,6.5,7.0,6.0,6.0,4.0,3.5,4.0,4.0,,4.5,4.5,4.5,,4.0,6.0,4.5,6.0,4.0,5.0,,4.0,4.0,5.5,8.0,6.0,3.5,4.0,,3.5,4.5,5.0,4.5,RCSA,1.254010695187166
25,A,14.0,Mothiba Lebo,18.0,14.0,9,4.890625,,,,4.5,6.0,5.0,5.0,6.0,7.5,6.0,4.0,6.0,4.0,4.5,5.5,4.5,6.0,3.5,5.0,,,4.5,4.0,4.5,4.5,4.0,3.5,4.0,6.0,6.0,4.5,,3.5,4.5,4.5,5.0,4.5,6.0,RCSA,0.915070564516129
26,A,9.0,Grandsir Samuel,2.0,6.0,,4.6875,,,,,,,,,,,,,,,,,,,,,,5.0,,5.0,,5.0,3.5,,,,5.0,5.0,4.5,4.5,,,,,RCSA,0.28125
27,A,16.0,Ajorque Ludovic,18.0,7.0,9,5.14,4.5,,4.5,6.0,4.0,,,,,,,,,,4.5,,4.5,4.5,5.5,6.5,8.0,5.0,4.5,4.5,5.0,5.0,4.5,7.5,,4.5,5.0,7.5,4.0,3.5,4.5,6.0,5.0,,RCSA,1.3441666666666665
0,G,24.0,Gurtner Régis,38.0,,,5.526315789473684,6.0,4.5,5.0,6.5,6.0,4.5,5.0,6.0,6.0,4.0,4.0,5.5,8.0,6.0,5.5,5.0,5.0,6.0,5.5,6.0,4.5,8.0,5.5,7.0,5.0,5.5,4.5,5.0,7.5,5.5,5.5,7.0,4.0,6.0,5.5,6.0,3.5,4.5,ASC,1.120910384068279
1,G,3.0,Dreyer Matthieu,,,,,,,,,,,,,,,,,,,,,,,,,,,,,,,,,,,,,,,,,,,ASC,
2,D,5.0,El Hajjam Oualid,6.0,5.0,,4.318181818181818,4.5,4.0,,4.5,,,,4.5,4.5,3.0,,,5.0,,3.0,,5.0,,,,,,,,,,,,5.0,,,,,,4.5,,,,ASC,0.5136363636363636
3,D,10.0,Prince,30.0,,1 / (-1),4.783333333333333,,4.5,,,3.5,3.5,6.5,,6.0,3.0,5.0,3.0,5.5,3.5,3.5,5.5,5.0,6.0,6.0,4.0,4.0,5.0,5.0,5.5,4.0,6.0,4.5,5.0,5.5,6.0,5.0,5.0,4.0,,,,,5.0,ASC,0.9772988505747127
4,D,8.0,Bodmer Mathieu,10.0,16.0,1,4.653846153846154,5.0,5.0,5.0,5.0,5.5,5.0,4.0,4.0,5.0,4.0,6.0,4.5,,4.0,4.0,5.0,5.0,3.5,4.0,4.5,4.5,4.0,4.5,,,,,,4.5,,,,5.5,,5.0,,5.0,,ASC,0.3553846153846154
5,D,8.0,Adénon Khaled,22.0,1.0,(-1),4.695652173913044,4.5,3.5,5.5,5.5,4.0,3.0,,5.0,5.5,3.0,3.0,5.5,5.5,,4.5,5.0,5.5,6.0,5.0,4.0,,,,,,,,,,,,,,5.0,4.5,5.5,4.0,5.5,ASC,0.857707509881423
6,D,9.0,Dibassy Bakaye,32.0,2.0,1,4.838235294117647,4.5,4.0,5.0,6.5,4.0,,5.0,6.0,5.5,3.0,4.5,5.0,5.5,5.0,3.5,5.0,5.0,5.5,5.5,4.5,3.5,5.0,5.0,5.0,4.5,,5.0,,,4.5,5.5,4.5,4.5,5.5,4.5,5.0,4.0,6.0,ASC,0.5563725490196079
7,D,7.0,Lefort Jordan,21.0,2.0,,4.891304347826087,4.0,,6.0,6.5,,3.5,5.0,6.0,,,,4.0,6.0,3.0,4.0,,5.5,,,3.5,4.0,6.0,5.0,5.5,4.5,5.5,5.0,5.5,5.5,,4.0,,5.0,,,,,,ASC,0.9535573122529645
8,D,,Sy Sanasi,,1.0,,5.0,,,,,,,,,,,,,,,,,,,,,,5.0,,,,,,,,,,,,,,,,,ASC,
9,D,13.0,Pieters Erik,14.0,1.0,1,5.2,,,,,,,,,,,,,,,,,,,,,,,,5.0,6.0,5.0,4.0,7.5,5.0,5.5,5.0,4.5,3.0,6.0,6.5,5.5,3.5,6.0,ASC,1.3499999999999999
10,D,9.0,Krafth Emil,33.0,2.0,1,4.642857142857143,,5.0,6.0,5.0,4.5,5.0,5.0,5.0,5.0,3.0,4.0,4.5,5.0,3.5,,4.5,4.5,5.0,5.0,4.0,4.0,4.5,5.0,5.0,4.0,5.0,4.5,5.0,5.0,4.5,4.5,5.0,3.5,5.0,,5.5,4.0,5.0,ASC,0.3613445378151261
11,M,,Fofana Guessouma,2.0,1.0,,4.5,4.0,4.5,5.0,,,,,,,,,,,,,,,,,,,,,,,,,,,,,,,,,,,,ASC,0.25
12,M,14.0,Monconduit Thomas,32.0,1.0,,5.045454545454546,,,,5.0,,4.0,5.0,5.5,6.0,3.0,6.5,5.0,6.0,4.5,4.0,5.0,5.0,5.0,4.5,3.5,5.0,5.5,4.5,7.0,4.5,5.5,4.5,5.5,5.5,5.0,5.0,4.5,5.0,,6.5,5.5,4.0,6.0,ASC,0.7400568181818181
13,M,5.0,Zungu Bongani,3.0,2.0,,4.9,,,6.5,5.0,,,,,,,,,,,,,,,,,,,,,,,,,,,5.0,4.5,3.5,,,,,,ASC,1.175
14,M,13.0,Gnahore Eddy,23.0,10.0,4,5.136363636363637,5.5,,7.0,6.0,5.0,6.0,7.0,5.0,,3.5,4.0,5.5,5.5,3.5,3.5,5.0,6.5,6.0,6.0,4.0,4.5,4.5,4.5,5.0,5.0,5.0,5.0,,,5.5,7.0,5.5,,4.5,4.0,5.5,4.5,5.0,ASC,0.9417613636363634
15,M,1.0,Traore Gaoussou,2.0,2.0,,5.25,5.0,5.5,,,5.5,,,,5.0,,,,,,,,,,,,,,,,,,,,,,,,,,,,,,ASC,0.08333333333333333
16,M,13.0,Timite Cheick,15.0,12.0,1,4.666666666666667,4.5,,,,,4.5,,,5.0,,4.0,4.5,,,4.0,,,5.0,5.0,4.0,5.0,4.0,4.5,5.0,4.5,5.0,4.5,5.5,4.0,5.0,5.0,5.5,6.0,4.5,4.0,4.5,4.0,5.0,ASC,0.28846153846153844
17,M,,Ganso,5.0,7.0,,4.958333333333333,,,,,6.0,4.0,5.5,5.5,5.0,3.5,5.0,5.5,5.5,4.5,5.0,4.5,,,,,,,,,,,,,,,,,,,,,,,ASC,0.5208333333333334
18,M,12.0,Blin Alexis,25.0,2.0,1,5.074074074074074,,,,,5.0,,,,,4.5,,5.0,6.5,5.0,4.0,4.5,4.5,,5.0,3.0,5.0,5.5,5.0,5.0,,6.5,5.5,6.0,5.5,5.5,5.0,4.5,4.0,6.5,4.5,6.5,4.5,5.0,ASC,0.7058404558404558
19,M,12.0,Mendoza John Stiven,22.0,3.0,2,4.78,4.5,5.0,7.0,4.5,,,,,,,,,5.5,5.0,3.5,4.0,6.0,6.0,3.5,4.0,4.0,4.0,,5.5,4.0,5.0,,5.0,,3.5,7.0,5.5,3.5,3.5,6.5,4.0,,,ASC,1.2308333333333334
20,A,4.0,Cornette Quentin,3.0,2.0,,4.3,4.0,4.0,,,,4.5,4.5,,,,,,,,,,,,,,,,,,,,,,,4.5,,,,,,,,,ASC,0.07500000000000001
21,A,12.0,Konate Moussa,21.0,6.0,7,4.796296296296297,4.0,6.0,8.5,4.5,3.5,4.5,5.0,4.5,5.0,4.5,5.0,,,,,,,,,,,4.5,4.0,5.5,4.0,6.0,5.5,4.5,4.5,5.0,7.5,3.5,,4.0,4.0,4.5,4.0,3.5,ASC,1.3319088319088317
22,A,,Kurzawa Rafal,2.0,9.0,,4.5,,4.5,4.5,,6.5,3.5,4.5,3.5,,,4.5,,,,,,,4.5,4.5,4.5,4.5,,,,,,,,,,,,,,,,,,ASC,0.6
23,A,7.0,Ghoddos Saman,20.0,7.0,4,5.037037037037037,,,6.5,4.5,6.5,4.0,7.0,4.0,7.0,3.5,4.0,5.0,5.5,4.0,4.0,4.5,4.5,,4.5,,,,,5.5,5.0,6.0,5.0,5.5,4.5,,,,,5.0,4.5,5.0,4.0,7.0,ASC,1.0754985754985755
24,A,4.0,Segarel Stanley,,3.0,,4.333333333333333,,,,,,,,,,,,,,,,4.0,,4.5,,,4.5,,,,,,,,,,,,,,,,,,ASC,0.08333333333333333
25,A,8.0,Guirassy Sehrou,13.0,,3,5.153846153846154,,,,,,,,,,,,,,,,,,,,,,,4.0,4.5,5.0,7.0,5.0,7.0,,,,4.5,4.5,4.5,3.5,6.0,4.5,7.0,ASC,1.4326923076923077
26,A,12.0,Otero Juan Ferney,24.0,9.0,2,4.7272727272727275,5.0,4.0,5.0,5.0,4.0,,6.0,4.0,5.0,3.0,4.0,5.0,4.5,4.0,,4.0,6.0,5.5,4.5,4.5,6.5,6.0,5.0,,4.0,5.5,,4.5,4.5,4.5,4.5,4.0,6.5,4.5,,4.5,3.5,5.0,ASC,0.6889204545454544
0,G,21.0,Mendy Edouard,38.0,,,5.75,6.0,7.5,4.5,5.0,7.0,5.5,3.5,6.0,7.0,7.0,7.0,6.5,5.0,6.0,7.5,5.5,5.5,4.0,4.5,6.0,6.0,6.5,6.0,5.5,6.0,5.0,5.0,5.0,6.0,4.0,6.0,7.5,4.5,6.0,4.0,6.0,7.5,5.5,SR,1.1452702702702702
1,G,3.0,Carrasso Johan,,,,,,,,,,,,,,,,,,,,,,,,,,,,,,,,,,,,,,,,,,,SR,
2,D,5.0,Konan Ghislain,20.0,,,5.175,5.0,7.0,3.5,4.5,5.0,5.5,3.0,5.0,5.5,5.0,6.0,6.0,4.0,6.0,5.5,4.5,6.5,5.5,4.5,6.0,,,,,,,,,,,,,,,,,,,SR,0.9809210526315789
3,D,14.0,Abdelhamid Yunis,38.0,,(-1),5.2631578947368425,6.0,6.0,3.0,5.5,6.0,5.5,4.0,6.0,6.0,5.0,6.5,6.0,4.0,6.5,6.0,4.5,5.5,6.0,6.0,6.0,5.5,5.0,6.5,5.5,6.0,5.5,4.0,4.5,6.0,2.0,5.5,5.0,4.0,5.0,4.0,3.5,6.5,6.0,SR,1.1315789473684206
4,D,,Métanire Romain,4.0,1.0,,4.6,5.5,6.0,3.5,,,,4.5,,,,,,,,,,3.5,,,,,,,,,,,,,,,,,,,,,,SR,1.3
5,D,7.0,Fontaine Thomas,4.0,3.0,,5.071428571428571,5.5,6.0,4.5,5.0,,,,,,,,5.0,,,,,,,,,,5.0,,4.5,,,,,,,,,,,,,,,SR,0.2857142857142857
6,D,16.0,Engels Björn,33.0,,1 / (-1),5.333333333333333,,,,,5.5,5.0,4.0,5.0,5.5,5.5,7.0,6.0,4.5,6.0,5.5,5.0,6.0,5.0,6.0,5.5,5.5,6.0,6.0,5.5,6.5,5.0,5.5,6.5,5.5,3.5,5.5,5.5,4.0,5.0,3.0,4.5,6.0,,SR,0.7291666666666667
7,D,10.0,Foket Thomas,32.0,,,4.890625,,,,,5.5,5.5,,5.0,5.0,5.0,5.0,6.0,4.0,6.0,5.0,5.0,4.0,5.0,4.5,5.0,5.0,5.0,5.5,5.0,5.5,5.0,4.0,4.5,5.5,4.5,5.0,5.5,3.5,5.0,4.0,3.5,5.0,,SR,0.3989415322580645
8,D,9.0,Baba Abdul Rahman,11.0,,1,5.0,,,,,,,,,,,,,,,,,,,,,,,,,6.0,5.0,,5.5,5.5,4.0,4.0,6.0,3.5,5.0,3.0,,,7.5,SR,1.7
9,D,3.0,Disasi Axel,1.0,3.0,,5.0,,,3.5,,,,,,,,,,,,,,,,,,,,,,,,,,,,,,,5.0,,,5.0,6.5,SR,1.5
10,M,18.0,Romao Jacques-Alaixys,36.0,,,5.388888888888889,5.5,6.0,3.5,5.5,5.5,6.0,5.0,5.5,6.5,5.5,5.5,4.5,,5.5,5.5,5.0,6.5,5.0,5.0,6.5,7.0,5.5,6.0,5.5,6.0,6.0,5.0,5.5,6.0,4.0,5.0,5.5,4.0,,4.0,4.0,5.5,6.0,SR,0.6301587301587301
11,M,17.0,Chavalerin Xavier,36.0,,2,5.472222222222222,5.5,6.0,4.0,5.5,5.0,6.0,5.5,5.0,5.5,,5.5,6.0,4.0,6.0,6.0,5.0,5.5,6.0,6.5,6.0,5.0,5.5,6.0,5.5,6.0,6.0,,6.0,7.0,4.0,6.0,5.5,4.0,5.0,4.5,4.5,6.5,5.5,SR,0.5563492063492064
12,M,8.0,Martin Marvin,8.0,5.0,,4.8076923076923075,5.0,4.5,4.0,,,4.5,,5.0,,4.5,6.0,5.0,,,,,,5.0,4.5,,,4.5,,,,,,5.0,,,,,,,,,,5.0,SR,0.2307692307692308
13,M,,Ndom Aly,3.0,8.0,,4.7272727272727275,5.0,,,,5.0,,3.0,,5.0,5.0,4.5,,,5.0,5.0,5.0,4.5,5.0,,,,,,,,,,,,,,,,,,,,,SR,0.36818181818181817
14,M,16.0,Cafaro Mathieu,24.0,10.0,7,5.147058823529412,4.0,4.5,6.5,4.5,5.5,5.0,5.0,4.5,4.5,,5.0,7.0,4.0,5.0,4.5,4.5,,7.0,4.5,4.5,6.0,6.0,6.5,5.5,4.0,,6.5,5.0,,4.5,5.0,5.0,5.5,5.5,3.5,4.0,5.5,7.0,SR,0.9019607843137256
15,M,10.0,Doumbia Moussa,18.0,10.0,3,5.125,7.0,5.5,3.5,4.5,5.0,5.5,,,,4.5,5.5,5.5,,5.0,5.5,4.5,4.5,7.5,4.0,,,,,,4.5,5.0,4.5,,5.0,5.0,5.0,5.0,4.5,4.5,5.0,6.0,5.5,6.5,SR,0.7337962962962963
16,M,20.0,Oudin Remi,32.0,5.0,10,5.081081081081081,5.0,4.5,4.5,4.0,4.5,4.5,4.5,5.0,5.5,4.0,8.0,6.0,5.0,4.5,,3.5,5.5,4.5,3.5,6.0,6.5,4.0,5.0,6.0,7.0,8.0,5.0,5.0,6.5,5.0,7.0,4.5,4.0,4.0,3.0,4.0,5.0,6.0,SR,1.4237987987987992
17,M,8.0,Mbemba Nolan,4.0,4.0,,4.6875,,5.0,,4.5,,,5.0,,,,,,4.0,,,,,,,5.0,5.0,,4.5,,,,4.5,,,,,,,,,,,,SR,0.13839285714285715
18,M,7.0,Sheyi Ojo,3.0,12.0,,4.8,,,,5.0,4.5,5.0,3.5,5.0,5.0,5.0,,,5.0,,5.0,,,5.0,4.5,4.5,5.0,,,,,,,,,,,,,5.0,,5.0,,,SR,0.17142857142857143
19,M,8.0,Kamara Hassane,9.0,7.0,,5.09375,,,,,,,5.5,5.5,4.5,,,,,,,4.5,,,,5.0,4.5,6.0,5.5,5.0,,5.0,5.0,,5.0,,,,,,5.5,3.5,5.5,6.0,SR,0.40729166666666666
20,M,10.0,Dia Boulaye,8.0,10.0,3,5.055555555555555,,,,,,,,,,5.0,,5.0,5.0,6.0,4.5,,,,,,5.0,5.0,5.0,4.5,6.5,6.0,6.0,6.5,4.0,4.5,4.0,5.0,3.5,,,,,,SR,0.7320261437908496
21,M,8.0,Zeneli Arbër,8.0,7.0,3,4.833333333333333,,,,,,,,,,,,,,,,,,,,,,,4.5,4.0,6.0,7.0,4.5,7.0,4.5,3.5,3.5,4.5,4.0,5.0,3.5,6.0,,5.0,SR,1.3809523809523812
22,M,5.0,Moreto Cassama,1.0,,,4.5,,,,,,,,,,,,,,,,,,,,,,,,,,,,,,,,,,4.5,,,,,SR,
23,M,9.0,Dingome Tristan,17.0,3.0,1,4.95,,,,,,,,,,,5.0,,4.0,,,,5.0,,,5.5,5.0,4.5,6.0,5.0,6.5,6.0,5.0,4.5,5.0,,6.0,4.0,3.5,4.5,3.5,,5.5,5.0,SR,0.6815789473684211
24,A,,Kyei Grejohn,,1.0,,4.0,4.0,,,,,,,,,,,,,,,,,,,,,,,,,,,,,,,,,,,,,,SR,
25,A,8.0,Chavarria Pablo,23.0,7.0,5,4.616666666666666,5.0,6.5,3.5,5.0,4.5,4.5,4.5,4.5,4.0,5.5,4.5,5.0,4.0,5.5,4.0,3.5,5.0,,,6.0,4.5,4.0,,,,6.5,4.0,4.5,4.0,3.5,4.5,,4.0,,,3.5,4.5,6.0,SR,0.7186781609195403
26,A,3.0,Pinson Virgile,,1.0,,4.5,,,,4.5,,,,,,,,,,,,,,,,,,,,,,,,,,,,,,,,,,,SR,
27,A,9.0,Suk Hyun-Jun,8.0,14.0,3,4.613636363636363,,4.0,4.5,5.0,4.0,5.0,,5.0,4.5,3.0,,,4.0,,4.5,4.0,4.5,4.0,6.5,,,,6.5,4.0,4.5,,,,,4.0,,4.0,,,4.0,5.0,7.0,,SR,0.9269480519480517
0,G,18.0,Bernadoni Paul,38.0,,,5.618421052631579,5.0,6.5,7.5,3.5,4.5,5.5,6.0,5.0,6.0,5.0,5.5,8.0,7.5,7.0,6.0,5.5,6.5,4.5,2.5,6.0,5.0,6.0,5.5,6.0,6.5,6.0,5.5,5.0,4.0,6.0,6.0,5.0,5.0,3.5,6.5,7.0,6.5,5.0,NO,1.3166785206258889
1,G,5.0,Valette Baptiste,,,,,,,,,,,,,,,,,,,,,,,,,,,,,,,,,,,,,,,,,,,NO,
2,G,1.0,Sourzac Martin,,,,,,,,,,,,,,,,,,,,,,,,,,,,,,,,,,,,,,,,,,,NO,
3,D,9.0,Alakouch Sofiane,23.0,2.0,1.0,4.78,4.5,5.0,5.0,4.5,4.5,4.5,,4.0,5.0,4.5,5.0,,,,,5.0,7.5,4.0,5.5,6.0,,3.0,5.0,,5.0,3.5,,4.0,5.0,,,,,4.0,5.0,6.0,4.5,,NO,0.7933333333333333
4,D,14.0,Briancon Anthony,33.0,,2.0,5.136363636363637,6.0,6.0,5.5,3.5,4.0,7.0,,3.0,5.5,4.0,6.5,7.0,6.0,6.5,6.5,5.5,5.5,3.5,2.5,5.5,4.5,4.0,6.0,,6.0,4.0,3.5,4.0,5.0,5.0,5.5,,,,6.5,6.0,5.5,4.5,NO,1.4573863636363638
5,D,8.0,Landre Loick,19.0,3.0,3.0,5.068181818181818,4.0,6.0,4.0,3.0,5.0,5.0,5.5,,5.5,,5.0,6.5,4.0,,,6.0,5.0,,,7.0,5.0,3.5,7.0,6.0,6.0,4.0,,3.5,5.0,,,,,,,,,,NO,1.2927489177489178
6,D,8.0,Paquiez Gaetan,14.0,6.0,,4.575,5.0,5.0,,3.0,,5.0,5.5,,,,,,4.5,5.5,,5.0,,,3.0,,5.0,4.0,,5.0,,,,,,4.0,5.5,4.0,,3.0,5.0,5.0,5.0,4.5,NO,0.6651315789473683
7,D,7.0,Miguel Florian,12.0,1.0,,4.769230769230769,3.0,,5.0,,4.0,,5.5,,,,,,,,,,,,,,,,,,,,5.5,,,5.0,,4.5,5.5,2.5,5.5,6.0,4.5,5.5,NO,1.1089743589743588
8,D,8.0,Lybohy Herve,15.0,2.0,2.0,4.823529411764706,,,,,4.0,5.0,5.5,4.0,,,,,5.0,7.0,6.5,,,3.5,3.0,,,,,4.5,,,5.5,,6.0,4.0,5.5,4.5,5.0,3.5,,,,,NO,1.2169117647058825
9,D,4.0,Harek Fethi,2.0,1.0,,4.833333333333333,,,,,,,,,,4.0,,,,,,5.5,,,,,,,,5.0,,,,,,,,,,,,,,,NO,0.5833333333333334
10,M,4.0,Diallo Moustapha,6.0,1.0,,4.571428571428571,4.0,6.0,5.5,3.5,,5.0,5.0,3.0,,,,,,,,,,,,,,,,,,,,,,,,,,,,,,,NO,1.2023809523809526
11,M,29.0,Savanier Teji,32.0,,6.0,6.03125,6.0,5.5,4.5,6.0,,,,,,7.0,5.0,8.0,6.5,7.0,6.0,6.0,6.5,6.0,3.5,7.5,5.5,4.0,5.5,6.0,8.0,5.0,6.5,6.0,7.5,6.0,6.0,6.5,7.5,2.5,7.5,6.0,,6.0,NO,1.53125
12,M,9.0,Valls Theo,20.0,11.0,,4.951612903225806,5.0,5.0,5.0,5.0,4.0,5.0,5.0,5.0,5.0,5.5,5.5,6.5,5.5,5.0,5.5,,5.0,4.0,4.5,5.5,,5.0,4.5,,5.0,4.0,5.0,,4.5,,5.5,,5.0,3.0,5.0,5.0,5.5,,NO,0.3892473118279571
13,M,11.0,Faitout Maouassa,25.0,2.0,,4.944444444444445,,,,,5.0,,,4.5,4.5,4.0,5.5,6.0,4.0,,6.0,,5.0,4.0,,6.5,4.0,,5.5,5.0,6.0,4.0,,4.5,5.0,5.0,6.0,5.0,5.0,5.0,5.5,6.0,4.5,2.5,NO,0.7756410256410258
14,M,11.0,Bouanga Denis,29.0,6.0,8.0,4.942857142857143,5.0,6.0,4.5,,,,3.5,3.5,5.0,4.0,5.0,8.0,3.5,5.0,7.0,5.5,4.0,5.0,4.0,4.5,5.0,4.0,4.5,4.0,5.5,4.0,7.5,4.5,4.5,5.5,6.5,3.5,5.5,3.0,7.0,5.0,6.5,4.0,NO,1.4966386554621853
15,M,13.0,Ferri Jordan,21.0,3.0,2.0,5.25,,,,,,,,,,,,,,4.5,5.0,6.5,6.0,3.5,3.5,5.5,5.0,5.0,5.5,7.0,6.5,3.0,6.5,4.0,5.5,3.5,5.0,5.5,5.0,,6.5,6.0,6.0,6.0,NO,1.2391304347826086
16,M,14.0,Bobichon Antonin,24.0,6.0,7.0,5.2,,,,6.0,6.0,7.0,5.0,3.0,5.5,5.0,,4.5,,5.0,4.5,5.0,,,4.0,6.0,4.5,4.0,4.5,7.0,6.0,3.5,7.0,5.0,,6.0,6.0,3.5,4.0,3.0,6.0,5.5,7.0,7.0,NO,1.4758620689655175
17,M,,Sainte Luce Theo,,1.0,,5.0,,,,,,,,,,,,,,,,,,,,,,,,,,,5.0,,,,,,,,,,,,NO,
18,M,3.0,Valdivia Pierrick,,2.0,,5.0,,,,,,,,,,,,,,,,,,,,,,,,,,,,,,,,,,,5.0,,5.0,,NO,0.0
19,A,6.0,Depres Clement,4.0,13.0,4.0,4.9411764705882355,7.0,4.5,4.0,4.5,4.5,4.5,4.5,,5.5,4.0,4.5,4.5,,4.5,4.5,,4.5,6.5,,8.0,4.0,,,,,,,,,,,,,,,,,,NO,1.3088235294117647
20,A,10.0,Bozok Umut,14.0,11.0,2.0,4.68,4.5,5.0,4.5,4.5,7.0,5.0,2.5,4.5,4.0,4.5,6.5,5.0,3.0,,5.5,7.0,,4.5,4.5,,4.0,4.0,,,,4.5,,4.5,4.5,4.0,,4.5,5.0,,,,,,NO,1.0391666666666666
21,A,18.0,Ripart Renaud,34.0,4.0,8.0,5.328947368421052,7.0,7.0,4.0,5.0,6.0,5.0,4.5,4.5,4.5,4.5,5.5,7.0,5.5,6.0,5.0,4.5,6.0,4.5,3.0,7.0,4.0,5.0,5.0,4.0,5.0,3.5,7.5,6.0,4.5,4.5,6.0,4.5,7.0,3.0,6.5,7.0,7.0,6.5,NO,1.5037339971550499
22,A,9.0,Thioub Sada,28.0,11.0,3.0,5.026315789473684,8.0,7.0,3.5,5.5,4.5,4.0,5.0,3.5,5.0,6.0,5.5,6.5,5.5,4.5,6.0,4.5,4.5,4.5,3.5,7.0,4.5,4.0,4.0,6.5,6.0,5.0,6.0,3.5,5.0,4.0,5.5,5.5,4.5,2.5,5.0,5.5,5.0,5.0,NO,1.2965860597439545
23,A,11.0,Alioui Rachid,11.0,16.0,5.0,4.944444444444445,,,,,,,,5.0,4.0,5.0,6.0,4.5,4.5,4.5,7.0,5.0,5.0,6.5,4.0,5.0,6.0,4.5,4.5,4.5,4.5,,6.0,6.0,5.0,,5.0,3.5,5.0,4.0,,4.0,5.0,,NO,0.6987179487179487
24,A,8.0,Guillaume Baptiste,15.0,9.0,2.0,4.479166666666667,,5.0,4.0,4.0,6.5,4.5,5.5,3.5,5.0,,4.0,5.0,4.5,4.5,,,,,,,,,4.5,7.0,3.5,4.5,4.5,4.0,,4.0,5.0,4.0,4.0,2.5,,,,4.0,NO,0.8799818840579711
